zh_CN|安道尔|安道尔
zh_CN|奥地利|奥地利
zh_CN|奥地利_布尔根兰|布尔根兰
zh_CN|奥地利_蒂罗尔|蒂罗尔
zh_CN|奥地利_福拉尔贝格|福拉尔贝格
zh_CN|奥地利_克恩顿|克恩顿
zh_CN|奥地利_上奥地利|上奥地利
zh_CN|奥地利_施蒂利亚|施蒂利亚
zh_CN|奥地利_萨尔茨堡|萨尔茨堡
zh_CN|奥地利_维也纳|维也纳
zh_CN|奥地利_下奥地利|下奥地利
zh_CN|澳大利亚|澳大利亚
zh_CN|澳大利亚_北部地区|北部地区
zh_CN|澳大利亚_北部地区_北帕默斯顿|北帕默斯顿
zh_CN|澳大利亚_北部地区_达尔文|达尔文
zh_CN|澳大利亚_堪培拉|堪培拉
zh_CN|澳大利亚_昆士兰|昆士兰
zh_CN|澳大利亚_昆士兰_布里斯班|布里斯班
zh_CN|澳大利亚_昆士兰_黄金海岸|黄金海岸
zh_CN|澳大利亚_昆士兰_凯恩斯|凯恩斯
zh_CN|澳大利亚_昆士兰_卡罗旺德拉|卡罗旺德拉
zh_CN|澳大利亚_昆士兰_汤斯维尔|汤斯维尔
zh_CN|澳大利亚_昆士兰_图文巴|图文巴
zh_CN|澳大利亚_南澳大利亚|南澳大利亚
zh_CN|澳大利亚_南澳大利亚_阿德莱德|阿德莱德
zh_CN|澳大利亚_南澳大利亚_奥古斯塔|奥古斯塔
zh_CN|澳大利亚_南澳大利亚_甘比亚山|甘比亚山
zh_CN|澳大利亚_南澳大利亚_怀阿拉|怀阿拉
zh_CN|澳大利亚_南澳大利亚_林肯港|林肯港
zh_CN|澳大利亚_南澳大利亚_默里布里奇|默里布里奇
zh_CN|澳大利亚_南澳大利亚_皮里港|皮里港
zh_CN|澳大利亚_南澳大利亚_维克托港|维克托港
zh_CN|澳大利亚_塔斯马尼亚|塔斯马尼亚
zh_CN|澳大利亚_塔斯马尼亚_伯尼港|伯尼港
zh_CN|澳大利亚_塔斯马尼亚_德文波特|德文波特
zh_CN|澳大利亚_塔斯马尼亚_霍巴特|霍巴特
zh_CN|澳大利亚_塔斯马尼亚_朗塞斯顿|朗塞斯顿
zh_CN|澳大利亚_维多利亚|维多利亚
zh_CN|澳大利亚_维多利亚_吉朗|吉朗
zh_CN|澳大利亚_维多利亚_墨尔本|墨尔本
zh_CN|澳大利亚_西澳大利亚|西澳大利亚
zh_CN|澳大利亚_西澳大利亚_奥尔巴尼|奥尔巴尼
zh_CN|澳大利亚_西澳大利亚_班伯里|班伯里
zh_CN|澳大利亚_西澳大利亚_弗里曼特尔港|弗里曼特尔港
zh_CN|澳大利亚_西澳大利亚_杰拉尔顿|杰拉尔顿
zh_CN|澳大利亚_西澳大利亚_曼哲拉|曼哲拉
zh_CN|澳大利亚_西澳大利亚_珀斯|珀斯
zh_CN|澳大利亚_西澳大利亚_卡尔古利|卡尔古利
zh_CN|澳大利亚_新南威尔士|新南威尔士
zh_CN|澳大利亚_新南威尔士_纽卡斯尔|纽卡斯尔
zh_CN|澳大利亚_新南威尔士_伍伦贡|伍伦贡
zh_CN|澳大利亚_新南威尔士_悉尼|悉尼
zh_CN|阿尔巴尼亚|阿尔巴尼亚
zh_CN|阿尔及利亚|阿尔及利亚
zh_CN|爱尔兰|爱尔兰
zh_CN|爱尔兰_奥法利|奥法利
zh_CN|爱尔兰_都柏林|都柏林
zh_CN|爱尔兰_多内加尔|多内加尔
zh_CN|爱尔兰_蒂珀雷里|蒂珀雷里
zh_CN|爱尔兰_戈尔韦|戈尔韦
zh_CN|爱尔兰_基尔代尔|基尔代尔
zh_CN|爱尔兰_基尔肯尼|基尔肯尼
zh_CN|爱尔兰_科克|科克
zh_CN|爱尔兰_凯里|凯里
zh_CN|爱尔兰_克莱尔|克莱尔
zh_CN|爱尔兰_朗福德|朗福德
zh_CN|爱尔兰_利默里克|利默里克
zh_CN|爱尔兰_劳斯|劳斯
zh_CN|爱尔兰_崂斯|崂斯
zh_CN|爱尔兰_罗斯康芒|罗斯康芒
zh_CN|爱尔兰_利特里姆|利特里姆
zh_CN|爱尔兰_梅奥|梅奥
zh_CN|爱尔兰_莫内根|莫内根
zh_CN|爱尔兰_米斯|米斯
zh_CN|爱尔兰_卡范|卡范
zh_CN|爱尔兰_卡洛|卡洛
zh_CN|爱尔兰_斯莱戈|斯莱戈
zh_CN|爱尔兰_威克洛|威克洛
zh_CN|爱尔兰_韦克斯福德|韦克斯福德
zh_CN|爱尔兰_沃特福德|沃特福德
zh_CN|爱尔兰_西米斯|西米斯
zh_CN|安哥拉|安哥拉
zh_CN|安哥拉_本戈|本戈
zh_CN|安哥拉_本格拉|本格拉
zh_CN|安哥拉_北宽扎|北宽扎
zh_CN|安哥拉_北隆达|北隆达
zh_CN|安哥拉_比耶|比耶
zh_CN|安哥拉_宽多库邦戈|宽多库邦戈
zh_CN|安哥拉_库内内|库内内
zh_CN|安哥拉_罗安达|罗安达
zh_CN|安哥拉_马兰热|马兰热
zh_CN|安哥拉_莫希科|莫希科
zh_CN|安哥拉_南宽扎|南宽扎
zh_CN|安哥拉_南隆达|南隆达
zh_CN|安哥拉_纳米贝|纳米贝
zh_CN|安哥拉_卡宾达|卡宾达
zh_CN|安哥拉_万博|万博
zh_CN|安哥拉_威拉|威拉
zh_CN|安哥拉_威热|威热
zh_CN|安哥拉_扎伊尔|扎伊尔
zh_CN|阿根廷|阿根廷
zh_CN|阿根廷_别德马|别德马
zh_CN|阿根廷_巴拉那|巴拉那
zh_CN|阿根廷_布兰卡港|布兰卡港
zh_CN|阿根廷_波萨达斯|波萨达斯
zh_CN|阿根廷_布宜诺斯艾利斯|布宜诺斯艾利斯
zh_CN|阿根廷_福莫萨|福莫萨
zh_CN|阿根廷_胡胡伊|胡胡伊
zh_CN|阿根廷_科尔多瓦|科尔多瓦
zh_CN|阿根廷_肯考迪娅|肯考迪娅
zh_CN|阿根廷_克劳斯城|克劳斯城
zh_CN|阿根廷_科连特斯|科连特斯
zh_CN|阿根廷_里奥加耶戈斯|里奥加耶戈斯
zh_CN|阿根廷_里奥夸尔托|里奥夸尔托
zh_CN|阿根廷_拉里奥哈|拉里奥哈
zh_CN|阿根廷_拉普拉塔|拉普拉塔
zh_CN|阿根廷_罗森|罗森
zh_CN|阿根廷_罗萨里奥|罗萨里奥
zh_CN|阿根廷_里瓦达维亚海军准将城|里瓦达维亚海军准将城
zh_CN|阿根廷_雷西斯滕匹亚|雷西斯滕匹亚
zh_CN|阿根廷_马德普拉塔|马德普拉塔
zh_CN|阿根廷_门多萨|门多萨
zh_CN|阿根廷_内乌肯|内乌肯
zh_CN|阿根廷_卡塔马卡|卡塔马卡
zh_CN|阿根廷_圣地亚哥-德尔埃斯特罗|圣地亚哥-德尔埃斯特罗
zh_CN|阿根廷_萨尔塔|萨尔塔
zh_CN|阿根廷_圣菲|圣菲
zh_CN|阿根廷_圣胡安|圣胡安
zh_CN|阿根廷_圣拉斐尔|圣拉斐尔
zh_CN|阿根廷_圣罗莎|圣罗莎
zh_CN|阿根廷_圣路易斯|圣路易斯
zh_CN|阿根廷_圣米格尔-德图库曼|圣米格尔-德图库曼
zh_CN|阿根廷_圣尼古拉斯|圣尼古拉斯
zh_CN|阿根廷_特雷利乌|特雷利乌
zh_CN|阿根廷_乌斯怀亚|乌斯怀亚
zh_CN|埃及|埃及
zh_CN|阿鲁巴|阿鲁巴
zh_CN|阿拉伯联合酋长国|阿拉伯联合酋长国
zh_CN|阿拉伯联合酋长国_阿布扎比|阿布扎比
zh_CN|阿拉伯联合酋长国_艾因|艾因
zh_CN|阿拉伯联合酋长国_迪拜|迪拜
zh_CN|阿拉伯联合酋长国_沙迦|沙迦
zh_CN|阿曼|阿曼
zh_CN|阿塞拜疆|阿塞拜疆
zh_CN|埃塞俄比亚|埃塞俄比亚
zh_CN|安提瓜岛和巴布达|安提瓜岛和巴布达
zh_CN|巴巴多斯岛|巴巴多斯岛
zh_CN|巴布亚新几内亚|巴布亚新几内亚
zh_CN|博茨瓦纳|博茨瓦纳
zh_CN|冰岛|冰岛
zh_CN|不丹|不丹
zh_CN|波多黎各|波多黎各
zh_CN|巴哈马|巴哈马
zh_CN|保加利亚|保加利亚
zh_CN|巴基斯坦|巴基斯坦
zh_CN|巴林|巴林
zh_CN|波兰|波兰
zh_CN|布隆迪|布隆迪
zh_CN|比利时|比利时
zh_CN|玻利维亚|玻利维亚
zh_CN|百慕大|百慕大
zh_CN|北马里亚纳群岛|北马里亚纳群岛
zh_CN|贝宁|贝宁
zh_CN|巴拿马|巴拿马
zh_CN|巴西|巴西
zh_CN|巴西_阿克里|阿克里
zh_CN|巴西_阿拉戈斯|阿拉戈斯
zh_CN|巴西_阿马帕|阿马帕
zh_CN|巴西_北里奥格兰德|北里奥格兰德
zh_CN|巴西_巴拉那|巴拉那
zh_CN|巴西_伯南布哥|伯南布哥
zh_CN|巴西_巴西利亚|巴西利亚
zh_CN|巴西_巴伊亚|巴伊亚
zh_CN|巴西_戈亚斯|戈亚斯
zh_CN|巴西_朗多尼亚|朗多尼亚
zh_CN|巴西_罗赖马|罗赖马
zh_CN|巴西_里约热内卢|里约热内卢
zh_CN|巴西_马拉尼昂|马拉尼昂
zh_CN|巴西_米纳斯吉拉斯|米纳斯吉拉斯
zh_CN|巴西_马托格罗索|马托格罗索
zh_CN|巴西_南里奥格兰德|南里奥格兰德
zh_CN|巴西_南马托格罗索|南马托格罗索
zh_CN|巴西_皮奥伊|皮奥伊
zh_CN|巴西_帕拉|帕拉
zh_CN|巴西_帕拉伊巴|帕拉伊巴
zh_CN|巴西_塞阿拉|塞阿拉
zh_CN|巴西_圣埃斯皮里图|圣埃斯皮里图
zh_CN|巴西_圣保罗|圣保罗
zh_CN|巴西_塞尔希培|塞尔希培
zh_CN|巴西_圣卡塔琳娜|圣卡塔琳娜
zh_CN|巴西_托坎廷斯|托坎廷斯
zh_CN|巴西_亚马孙|亚马孙
zh_CN|朝鲜|朝鲜
zh_CN|德国|德国
zh_CN|德国_爱尔福特|爱尔福特
zh_CN|德国_阿恩斯贝格|阿恩斯贝格
zh_CN|德国_奥格斯堡|奥格斯堡
zh_CN|德国_安斯巴格|安斯巴格
zh_CN|德国_波茨坦|波茨坦
zh_CN|德国_波鸿|波鸿
zh_CN|德国_柏林|柏林
zh_CN|德国_比勒费尔德|比勒费尔德
zh_CN|德国_不来梅|不来梅
zh_CN|德国_不伦瑞克|不伦瑞克
zh_CN|德国_拜伊罗特|拜伊罗特
zh_CN|德国_德累斯顿|德累斯顿
zh_CN|德国_达姆施塔特|达姆施塔特
zh_CN|德国_德绍|德绍
zh_CN|德国_杜塞尔多夫|杜塞尔多夫
zh_CN|德国_代特莫尔特|代特莫尔特
zh_CN|德国_弗赖堡|弗赖堡
zh_CN|德国_法兰克福|法兰克福
zh_CN|德国_汉堡|汉堡
zh_CN|德国_哈雷|哈雷
zh_CN|德国_汉诺威|汉诺威
zh_CN|德国_基尔|基尔
zh_CN|德国_吉森|吉森
zh_CN|德国_科布伦次|科布伦次
zh_CN|德国_科隆|科隆
zh_CN|德国_开姆尼斯|开姆尼斯
zh_CN|德国_莱比锡|莱比锡
zh_CN|德国_兰茨胡特|兰茨胡特
zh_CN|德国_吕讷堡|吕讷堡
zh_CN|德国_马格德堡|马格德堡
zh_CN|德国_曼海姆|曼海姆
zh_CN|德国_慕尼黑|慕尼黑
zh_CN|德国_明斯特|明斯特
zh_CN|德国_美因兹|美因兹
zh_CN|德国_纽伦堡|纽伦堡
zh_CN|德国_卡尔斯鲁厄|卡尔斯鲁厄
zh_CN|德国_卡塞尔|卡塞尔
zh_CN|德国_斯图加特|斯图加特
zh_CN|德国_什未林|什未林
zh_CN|德国_特里尔|特里尔
zh_CN|德国_维尔茨堡|维尔茨堡
zh_CN|德国_威斯巴登|威斯巴登
zh_CN|丹麦|丹麦
zh_CN|多米尼加共和国|多米尼加共和国
zh_CN|厄瓜多尔|厄瓜多尔
zh_CN|俄罗斯|俄罗斯
zh_CN|俄罗斯_阿巴坎|阿巴坎
zh_CN|俄罗斯_阿尔汉格尔斯克|阿尔汉格尔斯克
zh_CN|俄罗斯_阿金斯科耶|阿金斯科耶
zh_CN|俄罗斯_奥伦堡|奥伦堡
zh_CN|俄罗斯_奥廖尔|奥廖尔
zh_CN|俄罗斯_埃利斯塔|埃利斯塔
zh_CN|俄罗斯_阿纳德尔|阿纳德尔
zh_CN|俄罗斯_阿斯特拉罕|阿斯特拉罕
zh_CN|俄罗斯_彼得罗巴甫洛夫斯克|彼得罗巴甫洛夫斯克
zh_CN|俄罗斯_彼得罗扎沃茨克|彼得罗扎沃茨克
zh_CN|俄罗斯_别尔哥罗德|别尔哥罗德
zh_CN|俄罗斯_彼尔姆|彼尔姆
zh_CN|俄罗斯_巴尔瑙尔|巴尔瑙尔
zh_CN|俄罗斯_伯力|伯力
zh_CN|俄罗斯_比罗比詹|比罗比詹
zh_CN|俄罗斯_布拉戈维申斯克|布拉戈维申斯克
zh_CN|俄罗斯_布良斯克|布良斯克
zh_CN|俄罗斯_奔萨|奔萨
zh_CN|俄罗斯_车里雅宾斯克|车里雅宾斯克
zh_CN|俄罗斯_赤塔|赤塔
zh_CN|俄罗斯_顿河畔罗斯托夫|顿河畔罗斯托夫
zh_CN|俄罗斯_鄂木斯克|鄂木斯克
zh_CN|俄罗斯_伏尔加格勒|伏尔加格勒
zh_CN|俄罗斯_弗拉季高加索|弗拉季高加索
zh_CN|俄罗斯_弗拉基米尔|弗拉基米尔
zh_CN|俄罗斯_戈尔诺-阿尔泰斯克|戈尔诺-阿尔泰斯克
zh_CN|俄罗斯_格罗兹尼|格罗兹尼
zh_CN|俄罗斯_海参崴|海参崴
zh_CN|俄罗斯_汉特-曼西斯克|汉特-曼西斯克
zh_CN|俄罗斯_基洛夫|基洛夫
zh_CN|俄罗斯_加里宁格勒|加里宁格勒
zh_CN|俄罗斯_库德姆卡尔|库德姆卡尔
zh_CN|俄罗斯_库尔干|库尔干
zh_CN|俄罗斯_库尔斯克|库尔斯克
zh_CN|俄罗斯_克拉斯诺达尔|克拉斯诺达尔
zh_CN|俄罗斯_克拉斯诺亚尔斯克|克拉斯诺亚尔斯克
zh_CN|俄罗斯_克麦罗沃|克麦罗沃
zh_CN|俄罗斯_喀山|喀山
zh_CN|俄罗斯_科斯特罗马|科斯特罗马
zh_CN|俄罗斯_克孜勒|克孜勒
zh_CN|俄罗斯_利佩茨克|利佩茨克
zh_CN|俄罗斯_梁赞|梁赞
zh_CN|俄罗斯_摩尔曼斯克|摩尔曼斯克
zh_CN|俄罗斯_马哈奇卡拉|马哈奇卡拉
zh_CN|俄罗斯_马加丹|马加丹
zh_CN|俄罗斯_马加斯|马加斯
zh_CN|俄罗斯_迈科普|迈科普
zh_CN|俄罗斯_莫斯科|莫斯科
zh_CN|俄罗斯_纳尔奇克|纳尔奇克
zh_CN|俄罗斯_诺夫哥罗德|诺夫哥罗德
zh_CN|俄罗斯_纳里扬马尔|纳里扬马尔
zh_CN|俄罗斯_南萨哈林斯克|南萨哈林斯克
zh_CN|俄罗斯_帕拉纳|帕拉纳
zh_CN|俄罗斯_普斯科夫|普斯科夫
zh_CN|俄罗斯_切博克萨雷|切博克萨雷
zh_CN|俄罗斯_切尔克斯克|切尔克斯克
zh_CN|俄罗斯_卡卢加|卡卢加
zh_CN|俄罗斯_秋明|秋明
zh_CN|俄罗斯_圣彼得堡|圣彼得堡
zh_CN|俄罗斯_瑟克特夫卡尔|瑟克特夫卡尔
zh_CN|俄罗斯_萨列哈尔德|萨列哈尔德
zh_CN|俄罗斯_萨兰斯克|萨兰斯克
zh_CN|俄罗斯_萨拉托夫|萨拉托夫
zh_CN|俄罗斯_萨马拉|萨马拉
zh_CN|俄罗斯_斯摩棱斯克|斯摩棱斯克
zh_CN|俄罗斯_斯塔夫罗波尔|斯塔夫罗波尔
zh_CN|俄罗斯_坦波夫|坦波夫
zh_CN|俄罗斯_图拉|图拉
zh_CN|俄罗斯_托木斯克|托木斯克
zh_CN|俄罗斯_特维尔|特维尔
zh_CN|俄罗斯_乌法|乌法
zh_CN|俄罗斯_沃洛格达|沃洛格达
zh_CN|俄罗斯_沃罗涅什|沃罗涅什
zh_CN|俄罗斯_乌兰乌德|乌兰乌德
zh_CN|俄罗斯_乌里扬诺夫斯克|乌里扬诺夫斯克
zh_CN|俄罗斯_乌斯季奥尔登斯基|乌斯季奥尔登斯基
zh_CN|俄罗斯_下诺夫哥罗德|下诺夫哥罗德
zh_CN|俄罗斯_新西伯利亚|新西伯利亚
zh_CN|俄罗斯_伊尔库茨克|伊尔库茨克
zh_CN|俄罗斯_雅库茨克|雅库茨克
zh_CN|俄罗斯_雅罗斯拉夫尔|雅罗斯拉夫尔
zh_CN|俄罗斯_叶卡捷林堡|叶卡捷林堡
zh_CN|俄罗斯_伊热夫斯克|伊热夫斯克
zh_CN|俄罗斯_约什卡尔奥拉|约什卡尔奥拉
zh_CN|俄罗斯_伊万诺沃|伊万诺沃
zh_CN|厄立特里亚|厄立特里亚
zh_CN|法国|法国
zh_CN|法国_阿尔勒|阿尔勒
zh_CN|法国_奥尔良|奥尔良
zh_CN|法国_艾克斯|艾克斯
zh_CN|法国_阿雅克修|阿雅克修
zh_CN|法国_巴黎|巴黎
zh_CN|法国_贝桑松|贝桑松
zh_CN|法国_第戎|第戎
zh_CN|法国_弗雷瑞斯|弗雷瑞斯
zh_CN|法国_里昂|里昂
zh_CN|法国_鲁昂|鲁昂
zh_CN|法国_里尔|里尔
zh_CN|法国_雷恩|雷恩
zh_CN|法国_利摩日|利摩日
zh_CN|法国_蒙彼利埃|蒙彼利埃
zh_CN|法国_梅斯|梅斯
zh_CN|法国_马赛|马赛
zh_CN|法国_尼斯|尼斯
zh_CN|法国_南特|南特
zh_CN|法国_卡昂|卡昂
zh_CN|法国_沙隆|沙隆
zh_CN|法国_图卢兹|图卢兹
zh_CN|法国_瓦朗斯|瓦朗斯
zh_CN|法国_亚眠|亚眠
zh_CN|斐济|斐济
zh_CN|芬兰|芬兰
zh_CN|菲律宾|菲律宾
zh_CN|菲律宾_达沃|达沃
zh_CN|菲律宾_马尼拉|马尼拉
zh_CN|菲律宾_卡卢坎|卡卢坎
zh_CN|菲律宾_宿务|宿务
zh_CN|古巴|古巴
zh_CN|冈比亚|冈比亚
zh_CN|关岛|关岛
zh_CN|格恩西岛|格恩西岛
zh_CN|刚果民主共和国|刚果民主共和国
zh_CN|哥伦比亚|哥伦比亚
zh_CN|格陵兰|格陵兰
zh_CN|格林纳达|格林纳达
zh_CN|哥斯达黎加|哥斯达黎加
zh_CN|海地|海地
zh_CN|洪都拉斯|洪都拉斯
zh_CN|韩国|韩国
zh_CN|韩国_大邱|大邱
zh_CN|韩国_大邱_达城郡|达城郡
zh_CN|韩国_大邱_大邱|大邱
zh_CN|韩国_大邱_寿城区|寿城区
zh_CN|韩国_大田|大田
zh_CN|韩国_釜山|釜山
zh_CN|韩国_光州|光州
zh_CN|韩国_江原道|江原道
zh_CN|韩国_江原道_春川市|春川市
zh_CN|韩国_江原道_东海市|东海市
zh_CN|韩国_江原道_高城郡|高城郡
zh_CN|韩国_江原道_洪川郡|洪川郡
zh_CN|韩国_江原道_横城郡|横城郡
zh_CN|韩国_江原道_华川郡|华川郡
zh_CN|韩国_江原道_江陵市|江陵市
zh_CN|韩国_江原道_旌善郡|旌善郡
zh_CN|韩国_江原道_麟蹄郡|麟蹄郡
zh_CN|韩国_江原道_宁越郡|宁越郡
zh_CN|韩国_江原道_平昌郡|平昌郡
zh_CN|韩国_江原道_束草市|束草市
zh_CN|韩国_江原道_三陟市|三陟市
zh_CN|韩国_江原道_太白市|太白市
zh_CN|韩国_江原道_铁原郡|铁原郡
zh_CN|韩国_江原道_襄阳郡|襄阳郡
zh_CN|韩国_江原道_杨口郡|杨口郡
zh_CN|韩国_江原道_原州市|原州市
zh_CN|韩国_济州岛|济州岛
zh_CN|韩国_济州岛_安城市|安城市
zh_CN|韩国_济州岛_安山市|安山市
zh_CN|韩国_济州岛_安养市|安养市
zh_CN|韩国_济州岛_抱川市|抱川市
zh_CN|韩国_济州岛_城南市|城南市
zh_CN|韩国_济州岛_东豆川市|东豆川市
zh_CN|韩国_济州岛_富川市|富川市
zh_CN|韩国_济州岛_果川市|果川市
zh_CN|韩国_济州岛_光明市|光明市
zh_CN|韩国_济州岛_高阳市|高阳市
zh_CN|韩国_济州岛_广州市|广州市
zh_CN|韩国_济州岛_华城市|华城市
zh_CN|韩国_济州岛_河南市|河南市
zh_CN|韩国_济州岛_九里市|九里市
zh_CN|韩国_济州岛_加平郡|加平郡
zh_CN|韩国_济州岛_军浦市|军浦市
zh_CN|韩国_济州岛_金浦市|金浦市
zh_CN|韩国_济州岛_涟川郡|涟川郡
zh_CN|韩国_济州岛_利川市|利川市
zh_CN|韩国_济州岛_龙仁市|龙仁市
zh_CN|韩国_济州岛_骊州郡|骊州郡
zh_CN|韩国_济州岛_南杨州市|南杨州市
zh_CN|韩国_济州岛_坡州市|坡州市
zh_CN|韩国_济州岛_平泽市|平泽市
zh_CN|韩国_济州岛_始兴市|始兴市
zh_CN|韩国_济州岛_水原市|水原市
zh_CN|韩国_济州岛_乌山市|乌山市
zh_CN|韩国_济州岛_扬平郡|扬平郡
zh_CN|韩国_济州岛_仪旺市|仪旺市
zh_CN|韩国_济州岛_议政府|议政府
zh_CN|韩国_济州岛_杨州市|杨州市
zh_CN|韩国_济州特别自治道|济州特别自治道
zh_CN|韩国_全罗北道|全罗北道
zh_CN|韩国_全罗北道_淳昌郡|淳昌郡
zh_CN|韩国_全罗北道_长水郡|长水郡
zh_CN|韩国_全罗北道_扶安郡|扶安郡
zh_CN|韩国_全罗北道_高敞郡|高敞郡
zh_CN|韩国_全罗北道_金堤市|金堤市
zh_CN|韩国_全罗北道_井邑市|井邑市
zh_CN|韩国_全罗北道_茂朱郡|茂朱郡
zh_CN|韩国_全罗北道_南原市|南原市
zh_CN|韩国_全罗北道_群山市|群山市
zh_CN|韩国_全罗北道_全州市|全州市
zh_CN|韩国_全罗北道_任实郡|任实郡
zh_CN|韩国_全罗北道_完州郡|完州郡
zh_CN|韩国_全罗北道_益山市|益山市
zh_CN|韩国_全罗北道_鎭安郡|鎭安郡
zh_CN|韩国_全罗南道|全罗南道
zh_CN|韩国_全罗南道_宝城郡|宝城郡
zh_CN|韩国_全罗南道_长城郡|长城郡
zh_CN|韩国_全罗南道_长兴郡|长兴郡
zh_CN|韩国_全罗南道_谷城郡|谷城郡
zh_CN|韩国_全罗南道_莞岛郡|莞岛郡
zh_CN|韩国_全罗南道_高兴郡|高兴郡
zh_CN|韩国_全罗南道_光阳市|光阳市
zh_CN|韩国_全罗南道_海南郡|海南郡
zh_CN|韩国_全罗南道_和顺郡|和顺郡
zh_CN|韩国_全罗南道_康津郡|康津郡
zh_CN|韩国_全罗南道_灵光郡|灵光郡
zh_CN|韩国_全罗南道_丽水市|丽水市
zh_CN|韩国_全罗南道_灵岩郡|灵岩郡
zh_CN|韩国_全罗南道_罗州市|罗州市
zh_CN|韩国_全罗南道_木浦市|木浦市
zh_CN|韩国_全罗南道_求礼郡|求礼郡
zh_CN|韩国_全罗南道_顺天市|顺天市
zh_CN|韩国_全罗南道_潭阳郡|潭阳郡
zh_CN|韩国_全罗南道_务安郡|务安郡
zh_CN|韩国_全罗南道_新安郡|新安郡
zh_CN|韩国_全罗南道_咸平郡|咸平郡
zh_CN|韩国_全罗南道_珍岛郡|珍岛郡
zh_CN|韩国_庆尚北道|庆尚北道
zh_CN|韩国_庆尚北道_安东市|安东市
zh_CN|韩国_庆尚北道_淸道郡|淸道郡
zh_CN|韩国_庆尚北道_奉化郡|奉化郡
zh_CN|韩国_庆尚北道_高灵郡|高灵郡
zh_CN|韩国_庆尚北道_龟尾市|龟尾市
zh_CN|韩国_庆尚北道_金泉市|金泉市
zh_CN|韩国_庆尚北道_军威郡|军威郡
zh_CN|韩国_庆尚北道_醴泉郡|醴泉郡
zh_CN|韩国_庆尚北道_浦项市|浦项市
zh_CN|韩国_庆尚北道_漆谷郡|漆谷郡
zh_CN|韩国_庆尚北道_庆山市|庆山市
zh_CN|韩国_庆尚北道_庆州市|庆州市
zh_CN|韩国_庆尚北道_荣州市|荣州市
zh_CN|韩国_庆尚北道_靑松郡|靑松郡
zh_CN|韩国_庆尚北道_尙州市|尙州市
zh_CN|韩国_庆尚北道_闻庆市|闻庆市
zh_CN|韩国_庆尚北道_蔚珍郡|蔚珍郡
zh_CN|韩国_庆尚北道_星州郡|星州郡
zh_CN|韩国_庆尚北道_义城郡|义城郡
zh_CN|韩国_庆尚北道_永川市|永川市
zh_CN|韩国_庆尚北道_盈德郡|盈德郡
zh_CN|韩国_庆尚北道_郁陵郡|郁陵郡
zh_CN|韩国_庆尚北道_英阳郡|英阳郡
zh_CN|韩国_庆尚南道|庆尚南道
zh_CN|韩国_庆尚南道_昌宁郡|昌宁郡
zh_CN|韩国_庆尚南道_昌原市|昌原市
zh_CN|韩国_庆尚南道_固城郡|固城郡
zh_CN|韩国_庆尚南道_河东郡|河东郡
zh_CN|韩国_庆尚南道_居昌郡|居昌郡
zh_CN|韩国_庆尚南道_金海市|金海市
zh_CN|韩国_庆尚南道_巨济市|巨济市
zh_CN|韩国_庆尚南道_晋州市|晋州市
zh_CN|韩国_庆尚南道_梁山市|梁山市
zh_CN|韩国_庆尚南道_马山市|马山市
zh_CN|韩国_庆尚南道_密阳市|密阳市
zh_CN|韩国_庆尚南道_南海郡|南海郡
zh_CN|韩国_庆尚南道_泗川市|泗川市
zh_CN|韩国_庆尚南道_山淸郡|山淸郡
zh_CN|韩国_庆尚南道_统营市|统营市
zh_CN|韩国_庆尚南道_咸安郡|咸安郡
zh_CN|韩国_庆尚南道_陜川郡|陜川郡
zh_CN|韩国_庆尚南道_咸阳郡|咸阳郡
zh_CN|韩国_庆尚南道_宜宁郡|宜宁郡
zh_CN|韩国_庆尚南道_鎭海市|鎭海市
zh_CN|韩国_仁川|仁川
zh_CN|韩国_首尔|首尔
zh_CN|韩国_蔚山|蔚山
zh_CN|韩国_忠清北道|忠清北道
zh_CN|韩国_忠清北道_报恩郡|报恩郡
zh_CN|韩国_忠清北道_堤川市|堤川市
zh_CN|韩国_忠清北道_丹阳郡|丹阳郡
zh_CN|韩国_忠清北道_槐山郡|槐山郡
zh_CN|韩国_忠清北道_沃川郡|沃川郡
zh_CN|韩国_忠清北道_阴城郡|阴城郡
zh_CN|韩国_忠清北道_淸原郡|淸原郡
zh_CN|韩国_忠清北道_永同郡|永同郡
zh_CN|韩国_忠清北道_鎭川郡|鎭川郡
zh_CN|韩国_忠清北道_曾坪郡|曾坪郡
zh_CN|韩国_忠清北道_淸州市|淸州市
zh_CN|韩国_忠清北道_忠州市|忠州市
zh_CN|韩国_忠清南道|忠清南道
zh_CN|韩国_忠清南道_保宁市|保宁市
zh_CN|韩国_忠清南道_扶余郡|扶余郡
zh_CN|韩国_忠清南道_公州市|公州市
zh_CN|韩国_忠清南道_洪城郡|洪城郡
zh_CN|韩国_忠清南道_鸡龙市|鸡龙市
zh_CN|韩国_忠清南道_锦山郡|锦山郡
zh_CN|韩国_忠清南道_礼山郡|礼山郡
zh_CN|韩国_忠清南道_论山市|论山市
zh_CN|韩国_忠清南道_青阳郡|青阳郡
zh_CN|韩国_忠清南道_瑞山市|瑞山市
zh_CN|韩国_忠清南道_舒川郡|舒川郡
zh_CN|韩国_忠清南道_泰安郡|泰安郡
zh_CN|韩国_忠清南道_天安市|天安市
zh_CN|韩国_忠清南道_唐津郡|唐津郡
zh_CN|韩国_忠清南道_燕岐郡|燕岐郡
zh_CN|韩国_忠清南道_牙山市|牙山市
zh_CN|荷兰|荷兰
zh_CN|荷兰_埃德|埃德
zh_CN|荷兰_阿尔梅勒|阿尔梅勒
zh_CN|荷兰_埃门|埃门
zh_CN|荷兰_阿默斯福特|阿默斯福特
zh_CN|荷兰_阿姆斯特丹|阿姆斯特丹
zh_CN|荷兰_阿纳姆|阿纳姆
zh_CN|荷兰_阿珀尔多伦|阿珀尔多伦
zh_CN|荷兰_阿森|阿森
zh_CN|荷兰_埃因霍芬|埃因霍芬
zh_CN|荷兰_布雷达|布雷达
zh_CN|荷兰_多德雷赫特|多德雷赫特
zh_CN|荷兰_蒂尔堡|蒂尔堡
zh_CN|荷兰_恩斯赫德|恩斯赫德
zh_CN|荷兰_格罗宁根|格罗宁根
zh_CN|荷兰_霍夫多尔普|霍夫多尔普
zh_CN|荷兰_哈勒姆|哈勒姆
zh_CN|荷兰_海牙|海牙
zh_CN|荷兰_莱顿|莱顿
zh_CN|荷兰_吕伐登|吕伐登
zh_CN|荷兰_莱利斯塔德|莱利斯塔德
zh_CN|荷兰_鹿特丹|鹿特丹
zh_CN|荷兰_米德尔堡|米德尔堡
zh_CN|荷兰_马斯特里赫特|马斯特里赫特
zh_CN|荷兰_奈梅亨|奈梅亨
zh_CN|荷兰_斯海尔托亨博思|斯海尔托亨博思
zh_CN|荷兰_乌得勒支|乌得勒支
zh_CN|荷兰_佐特尔梅|佐特尔梅
zh_CN|荷兰_兹沃勒|兹沃勒
zh_CN|哈萨克斯坦|哈萨克斯坦
zh_CN|吉布提|吉布提
zh_CN|吉尔吉斯斯坦|吉尔吉斯斯坦
zh_CN|捷克共和国|捷克共和国
zh_CN|基里巴斯|基里巴斯
zh_CN|加纳|加纳
zh_CN|加拿大|加拿大
zh_CN|加拿大_阿伯茨福|阿伯茨福
zh_CN|加拿大_埃德蒙顿|埃德蒙顿
zh_CN|加拿大_奥沙瓦|奥沙瓦
zh_CN|加拿大_巴里|巴里
zh_CN|加拿大_布列塔尼角|布列塔尼角
zh_CN|加拿大_多伦多|多伦多
zh_CN|加拿大_弗雷德里顿|弗雷德里顿
zh_CN|加拿大_圭尔夫|圭尔夫
zh_CN|加拿大_哈利法克斯|哈利法克斯
zh_CN|加拿大_哈密尔顿|哈密尔顿
zh_CN|加拿大_怀特霍斯|怀特霍斯
zh_CN|加拿大_基劳纳|基劳纳
zh_CN|加拿大_基奇纳|基奇纳
zh_CN|加拿大_金斯敦|金斯敦
zh_CN|加拿大_魁北克|魁北克
zh_CN|加拿大_伦敦|伦敦
zh_CN|加拿大_里贾纳|里贾纳
zh_CN|加拿大_蒙特利尔|蒙特利尔
zh_CN|加拿大_卡里加里|卡里加里
zh_CN|加拿大_舍布鲁克|舍布鲁克
zh_CN|加拿大_桑德贝|桑德贝
zh_CN|加拿大_萨德伯里|萨德伯里
zh_CN|加拿大_三河城|三河城
zh_CN|加拿大_圣卡塔琳娜|圣卡塔琳娜
zh_CN|加拿大_萨斯卡通|萨斯卡通
zh_CN|加拿大_圣约翰斯|圣约翰斯
zh_CN|加拿大_维多利亚|维多利亚
zh_CN|加拿大_温哥华|温哥华
zh_CN|加拿大_温尼伯|温尼伯
zh_CN|加拿大_温莎|温莎
zh_CN|加拿大_渥太华|渥太华
zh_CN|加拿大_夏洛特敦|夏洛特敦
zh_CN|加拿大_伊魁特|伊魁特
zh_CN|加拿大_耶洛奈夫|耶洛奈夫
zh_CN|柬埔寨|柬埔寨
zh_CN|柬埔寨_奥多棉吉|奥多棉吉
zh_CN|柬埔寨_班迭棉吉|班迭棉吉
zh_CN|柬埔寨_波罗勉|波罗勉
zh_CN|柬埔寨_拜林市|拜林市
zh_CN|柬埔寨_白马市|白马市
zh_CN|柬埔寨_磅清扬|磅清扬
zh_CN|柬埔寨_磅士卑|磅士卑
zh_CN|柬埔寨_磅同|磅同
zh_CN|柬埔寨_柏威夏|柏威夏
zh_CN|柬埔寨_磅湛|磅湛
zh_CN|柬埔寨_茶胶|茶胶
zh_CN|柬埔寨_柴桢|柴桢
zh_CN|柬埔寨_贡布|贡布
zh_CN|柬埔寨_干丹|干丹
zh_CN|柬埔寨_戈公|戈公
zh_CN|柬埔寨_金边市|金边市
zh_CN|柬埔寨_桔井|桔井
zh_CN|柬埔寨_蒙多基里|蒙多基里
zh_CN|柬埔寨_马德望|马德望
zh_CN|柬埔寨_菩萨|菩萨
zh_CN|柬埔寨_上丁|上丁
zh_CN|柬埔寨_西哈努克市|西哈努克市
zh_CN|柬埔寨_暹粒|暹粒
zh_CN|柬埔寨_腊塔纳基里|腊塔纳基里
zh_CN|克罗地亚|克罗地亚
zh_CN|喀麦隆|喀麦隆
zh_CN|开曼群岛|开曼群岛
zh_CN|肯尼亚|肯尼亚
zh_CN|科威特|科威特
zh_CN|利比里亚|利比里亚
zh_CN|黎巴嫩|黎巴嫩
zh_CN|利比亚|利比亚
zh_CN|罗马尼亚|罗马尼亚
zh_CN|留尼旺岛|留尼旺岛
zh_CN|卢森堡|卢森堡
zh_CN|莱索托|莱索托
zh_CN|拉脱维亚|拉脱维亚
zh_CN|卢旺达|卢旺达
zh_CN|老挝|老挝
zh_CN|列支敦士登|列支敦士登
zh_CN|缅甸|缅甸
zh_CN|马达加斯加|马达加斯加
zh_CN|马尔代夫|马尔代夫
zh_CN|马尔代夫_阿杜|阿杜
zh_CN|马尔代夫_北阿里|北阿里
zh_CN|马尔代夫_北蒂拉杜马蒂|北蒂拉杜马蒂
zh_CN|马尔代夫_北米拉杜马杜卢|北米拉杜马杜卢
zh_CN|马尔代夫_北马洛斯马杜卢|北马洛斯马杜卢
zh_CN|马尔代夫_北尼兰杜|北尼兰杜
zh_CN|马尔代夫_北苏瓦迪瓦|北苏瓦迪瓦
zh_CN|马尔代夫_福阿穆拉库|福阿穆拉库
zh_CN|马尔代夫_法迪福卢|法迪福卢
zh_CN|马尔代夫_费利杜|费利杜
zh_CN|马尔代夫_哈杜马蒂|哈杜马蒂
zh_CN|马尔代夫_科卢马杜卢|科卢马杜卢
zh_CN|马尔代夫_马累|马累
zh_CN|马尔代夫_马累岛|马累岛
zh_CN|马尔代夫_穆拉库|穆拉库
zh_CN|马尔代夫_南阿里|南阿里
zh_CN|马尔代夫_南蒂拉杜马蒂|南蒂拉杜马蒂
zh_CN|马尔代夫_南米拉杜马杜卢|南米拉杜马杜卢
zh_CN|马尔代夫_南马洛斯马杜卢|南马洛斯马杜卢
zh_CN|马尔代夫_南尼兰杜|南尼兰杜
zh_CN|马尔代夫_南苏瓦迪瓦|南苏瓦迪瓦
zh_CN|摩尔多瓦|摩尔多瓦
zh_CN|蒙古|蒙古
zh_CN|美国|美国
zh_CN|美国_爱达荷州|爱达荷州
zh_CN|美国_爱达荷州_爱达荷福尔斯|爱达荷福尔斯
zh_CN|美国_爱达荷州_布莱克富特|布莱克富特
zh_CN|美国_爱达荷州_波卡特洛|波卡特洛
zh_CN|美国_爱达荷州_博伊西|博伊西
zh_CN|美国_爱达荷州_科达伦|科达伦
zh_CN|美国_爱达荷州_刘易斯顿|刘易斯顿
zh_CN|美国_爱达荷州_墨菲|墨菲
zh_CN|美国_爱达荷州_莫斯科|莫斯科
zh_CN|美国_爱达荷州_楠帕|楠帕
zh_CN|美国_爱达荷州_岂彻姆|岂彻姆
zh_CN|美国_爱达荷州_森瓦利|森瓦利
zh_CN|美国_爱达荷州_亚美利加瀑布城|亚美利加瀑布城
zh_CN|美国_爱荷华|爱荷华
zh_CN|美国_爱荷华_得梅因|得梅因
zh_CN|美国_爱荷华_达文波特|达文波特
zh_CN|美国_爱荷华_锡达拉皮兹|锡达拉皮兹
zh_CN|美国_阿肯色|阿肯色
zh_CN|美国_阿肯色_费耶特维尔|费耶特维尔
zh_CN|美国_阿肯色_史密斯堡|史密斯堡
zh_CN|美国_阿肯色_小石城|小石城
zh_CN|美国_阿拉巴马|阿拉巴马
zh_CN|美国_阿拉巴马_伯明罕|伯明罕
zh_CN|美国_阿拉巴马_亨茨维尔|亨茨维尔
zh_CN|美国_阿拉巴马_莫比尔|莫比尔
zh_CN|美国_阿拉巴马_蒙哥马利|蒙哥马利
zh_CN|美国_阿拉斯加|阿拉斯加
zh_CN|美国_阿拉斯加_安克雷奇|安克雷奇
zh_CN|美国_阿拉斯加_费尔班克斯|费尔班克斯
zh_CN|美国_阿拉斯加_朱诺|朱诺
zh_CN|美国_北达科他|北达科他
zh_CN|美国_北达科他_俾斯麦|俾斯麦
zh_CN|美国_北达科他_大福克斯|大福克斯
zh_CN|美国_北达科他_法戈|法戈
zh_CN|美国_北达科他_迈诺特|迈诺特
zh_CN|美国_北卡罗来纳|北卡罗来纳
zh_CN|美国_北卡罗来纳_艾许维尔|艾许维尔
zh_CN|美国_北卡罗来纳_杜罕|杜罕
zh_CN|美国_北卡罗来纳_费耶特维尔|费耶特维尔
zh_CN|美国_北卡罗来纳_格林斯伯勒|格林斯伯勒
zh_CN|美国_北卡罗来纳_海波特|海波特
zh_CN|美国_北卡罗来纳_教堂山|教堂山
zh_CN|美国_北卡罗来纳_凯利|凯利
zh_CN|美国_北卡罗来纳_罗利|罗利
zh_CN|美国_北卡罗来纳_洛利杜罕都会区|洛利杜罕都会区
zh_CN|美国_北卡罗来纳_威尔明顿|威尔明顿
zh_CN|美国_北卡罗来纳_温斯顿.萨利姆|温斯顿.萨利姆
zh_CN|美国_北卡罗来纳_夏洛特|夏洛特
zh_CN|美国_宾夕法尼亚|宾夕法尼亚
zh_CN|美国_宾夕法尼亚_阿伦敦|阿伦敦
zh_CN|美国_宾夕法尼亚_费城|费城
zh_CN|美国_宾夕法尼亚_匹兹堡|匹兹堡
zh_CN|美国_宾夕法尼亚_伊利|伊利
zh_CN|美国_德州|德州
zh_CN|美国_德州_阿比林|阿比林
zh_CN|美国_德州_敖德萨|敖德萨
zh_CN|美国_德州_埃尔帕索|埃尔帕索
zh_CN|美国_德州_阿灵顿|阿灵顿
zh_CN|美国_德州_阿马里洛|阿马里洛
zh_CN|美国_德州_奥斯汀|奥斯汀
zh_CN|美国_德州_布兰诺|布兰诺
zh_CN|美国_德州_布朗斯维尔|布朗斯维尔
zh_CN|美国_德州_博蒙特|博蒙特
zh_CN|美国_德州_大草原城|大草原城
zh_CN|美国_德州_丹敦|丹敦
zh_CN|美国_德州_达拉斯|达拉斯
zh_CN|美国_德州_大学城|大学城
zh_CN|美国_德州_弗里斯科|弗里斯科
zh_CN|美国_德州_哥帕斯基斯蒂|哥帕斯基斯蒂
zh_CN|美国_德州_基林|基林
zh_CN|美国_德州_加兰|加兰
zh_CN|美国_德州_交维斯顿|交维斯顿
zh_CN|美国_德州_拉伯克|拉伯克
zh_CN|美国_德州_梨城|梨城
zh_CN|美国_德州_理查森|理查森
zh_CN|美国_德州_朗德罗克|朗德罗克
zh_CN|美国_德州_拉雷多|拉雷多
zh_CN|美国_德州_路易斯维尔|路易斯维尔
zh_CN|美国_德州_米德兰|米德兰
zh_CN|美国_德州_麦金尼|麦金尼
zh_CN|美国_德州_麦卡伦|麦卡伦
zh_CN|美国_德州_梅斯基特|梅斯基特
zh_CN|美国_德州_欧文|欧文
zh_CN|美国_德州_帕萨迪纳|帕萨迪纳
zh_CN|美国_德州_卡罗敦|卡罗敦
zh_CN|美国_德州_圣安东尼奥|圣安东尼奥
zh_CN|美国_德州_泰勒|泰勒
zh_CN|美国_德州_韦科|韦科
zh_CN|美国_德州_威奇托福尔斯|威奇托福尔斯
zh_CN|美国_德州_沃斯堡|沃斯堡
zh_CN|美国_德州_休斯敦|休斯敦
zh_CN|美国_俄亥俄|俄亥俄
zh_CN|美国_俄亥俄_阿克伦|阿克伦
zh_CN|美国_俄亥俄_代顿|代顿
zh_CN|美国_俄亥俄_哥伦布|哥伦布
zh_CN|美国_俄亥俄_克利夫兰|克利夫兰
zh_CN|美国_俄亥俄_托莱多|托莱多
zh_CN|美国_俄亥俄_辛辛那提|辛辛那提
zh_CN|美国_俄克拉荷马|俄克拉荷马
zh_CN|美国_俄克拉荷马_断箭城|断箭城
zh_CN|美国_俄克拉荷马_俄克拉荷马城|俄克拉荷马城
zh_CN|美国_俄克拉荷马_诺曼|诺曼
zh_CN|美国_俄克拉荷马_塔尔萨|塔尔萨
zh_CN|美国_俄勒冈|俄勒冈
zh_CN|美国_俄勒冈_本德|本德
zh_CN|美国_俄勒冈_波特兰|波特兰
zh_CN|美国_俄勒冈_达尔斯|达尔斯
zh_CN|美国_俄勒冈_蒂拉穆克|蒂拉穆克
zh_CN|美国_俄勒冈_达拉斯|达拉斯
zh_CN|美国_俄勒冈_格兰茨帕斯|格兰茨帕斯
zh_CN|美国_俄勒冈_格雷沙姆|格雷沙姆
zh_CN|美国_俄勒冈_胡德里弗|胡德里弗
zh_CN|美国_俄勒冈_火山口湖|火山口湖
zh_CN|美国_俄勒冈_库斯贝|库斯贝
zh_CN|美国_俄勒冈_科瓦利斯|科瓦利斯
zh_CN|美国_俄勒冈_梅德福|梅德福
zh_CN|美国_俄勒冈_圣海伦斯|圣海伦斯
zh_CN|美国_俄勒冈_塞勒姆|塞勒姆
zh_CN|美国_俄勒冈_斯普林菲尔德|斯普林菲尔德
zh_CN|美国_俄勒冈_尤金|尤金
zh_CN|美国_佛罗里达|佛罗里达
zh_CN|美国_佛罗里达_奥兰多|奥兰多
zh_CN|美国_佛罗里达_盖恩斯维尔|盖恩斯维尔
zh_CN|美国_佛罗里达_海厄利亚|海厄利亚
zh_CN|美国_佛罗里达_好莱坞|好莱坞
zh_CN|美国_佛罗里达_杰克逊维尔|杰克逊维尔
zh_CN|美国_佛罗里达_基韦斯特|基韦斯特
zh_CN|美国_佛罗里达_科勒尔斯普林斯|科勒尔斯普林斯
zh_CN|美国_佛罗里达_克利尔沃特|克利尔沃特
zh_CN|美国_佛罗里达_开普科勒尔|开普科勒尔
zh_CN|美国_佛罗里达_罗德岱堡|罗德岱堡
zh_CN|美国_佛罗里达_莱克兰|莱克兰
zh_CN|美国_佛罗里达_迈阿密|迈阿密
zh_CN|美国_佛罗里达_迈阿密花园|迈阿密花园
zh_CN|美国_佛罗里达_米拉马尔|米拉马尔
zh_CN|美国_佛罗里达_潘布鲁克派恩斯|潘布鲁克派恩斯
zh_CN|美国_佛罗里达_庞帕诺比奇|庞帕诺比奇
zh_CN|美国_佛罗里达_卡纳维拉尔角|卡纳维拉尔角
zh_CN|美国_佛罗里达_圣彼德斯堡市|圣彼德斯堡市
zh_CN|美国_佛罗里达_圣露西港|圣露西港
zh_CN|美国_佛罗里达_塔拉哈西|塔拉哈西
zh_CN|美国_佛罗里达_坦帕|坦帕
zh_CN|美国_佛罗里达_西棕榈滩|西棕榈滩
zh_CN|美国_佛罗里达_棕榈湾|棕榈湾
zh_CN|美国_佛蒙特|佛蒙特
zh_CN|美国_佛蒙特_伯灵顿|伯灵顿
zh_CN|美国_佛蒙特_拉特兰|拉特兰
zh_CN|美国_佛蒙特_南伯灵顿|南伯灵顿
zh_CN|美国_哥伦比亚特区|哥伦比亚特区
zh_CN|美国_哥伦比亚特区_华盛顿|华盛顿
zh_CN|美国_哥伦比亚特区_华盛顿哥伦比亚特区|华盛顿哥伦比亚特区
zh_CN|美国_怀俄明州|怀俄明州
zh_CN|美国_怀俄明州_埃文斯顿|埃文斯顿
zh_CN|美国_怀俄明州_罗克斯普林斯|罗克斯普林斯
zh_CN|美国_怀俄明州_拉勒米|拉勒米
zh_CN|美国_怀俄明州_卡斯帕|卡斯帕
zh_CN|美国_怀俄明州_谢里登|谢里登
zh_CN|美国_怀俄明州_夏延|夏延
zh_CN|美国_华盛顿|华盛顿
zh_CN|美国_华盛顿_艾佛雷特|艾佛雷特
zh_CN|美国_华盛顿_贝尔维尤|贝尔维尤
zh_CN|美国_华盛顿_范库弗峰|范库弗峰
zh_CN|美国_华盛顿_肯特|肯特
zh_CN|美国_华盛顿_斯波坎|斯波坎
zh_CN|美国_华盛顿_塔科马|塔科马
zh_CN|美国_华盛顿_西雅图|西雅图
zh_CN|美国_加利福尼亚|加利福尼亚
zh_CN|美国_加利福尼亚_安大略|安大略
zh_CN|美国_加利福尼亚_埃尔克格罗夫|埃尔克格罗夫
zh_CN|美国_加利福尼亚_艾尔蒙地|艾尔蒙地
zh_CN|美国_加利福尼亚_埃尔卡洪|埃尔卡洪
zh_CN|美国_加利福尼亚_奥克兰|奥克兰
zh_CN|美国_加利福尼亚_奥克斯纳德|奥克斯纳德
zh_CN|美国_加利福尼亚_安那罕|安那罕
zh_CN|美国_加利福尼亚_埃斯孔迪多|埃斯孔迪多
zh_CN|美国_加利福尼亚_安条克|安条克
zh_CN|美国_加利福尼亚_伯班克|伯班克
zh_CN|美国_加利福尼亚_伯克利|伯克利
zh_CN|美国_加利福尼亚_贝克斯菲尔德|贝克斯菲尔德
zh_CN|美国_加利福尼亚_波莫纳|波莫纳
zh_CN|美国_加利福尼亚_橙市|橙市
zh_CN|美国_加利福尼亚_长滩|长滩
zh_CN|美国_加利福尼亚_戴利城|戴利城
zh_CN|美国_加利福尼亚_蒂梅丘拉|蒂梅丘拉
zh_CN|美国_加利福尼亚_尔湾|尔湾
zh_CN|美国_加利福尼亚_费尔菲尔德|费尔菲尔德
zh_CN|美国_加利福尼亚_富勒顿|富勒顿
zh_CN|美国_加利福尼亚_弗里蒙特|弗里蒙特
zh_CN|美国_加利福尼亚_弗雷斯诺|弗雷斯诺
zh_CN|美国_加利福尼亚_方塔纳|方塔纳
zh_CN|美国_加利福尼亚_格伦代尔|格伦代尔
zh_CN|美国_加利福尼亚_亨丁顿滩|亨丁顿滩
zh_CN|美国_加利福尼亚_海沃德|海沃德
zh_CN|美国_加利福尼亚_旧金山|旧金山
zh_CN|美国_加利福尼亚_康科德|康科德
zh_CN|美国_加利福尼亚_科洛纳|科洛纳
zh_CN|美国_加利福尼亚_库卡蒙格牧场|库卡蒙格牧场
zh_CN|美国_加利福尼亚_科斯塔梅萨|科斯塔梅萨
zh_CN|美国_加利福尼亚_里弗塞得|里弗塞得
zh_CN|美国_加利福尼亚_兰开斯特|兰开斯特
zh_CN|美国_加利福尼亚_洛杉矶|洛杉矶
zh_CN|美国_加利福尼亚_里士满|里士满
zh_CN|美国_加利福尼亚_罗斯维尔|罗斯维尔
zh_CN|美国_加利福尼亚_里亚托|里亚托
zh_CN|美国_加利福尼亚_莫德斯托|莫德斯托
zh_CN|美国_加利福尼亚_莫雷诺谷|莫雷诺谷
zh_CN|美国_加利福尼亚_穆列塔|穆列塔
zh_CN|美国_加利福尼亚_诺沃克|诺沃克
zh_CN|美国_加利福尼亚_欧申赛德|欧申赛德
zh_CN|美国_加利福尼亚_帕萨迪纳|帕萨迪纳
zh_CN|美国_加利福尼亚_卡尔斯巴德|卡尔斯巴德
zh_CN|美国_加利福尼亚_丘拉维斯塔|丘拉维斯塔
zh_CN|美国_加利福尼亚_千橡市|千橡市
zh_CN|美国_加利福尼亚_圣安娜|圣安娜
zh_CN|美国_加利福尼亚_圣贝纳迪诺|圣贝纳迪诺
zh_CN|美国_加利福尼亚_圣迭戈|圣迭戈
zh_CN|美国_加利福尼亚_圣何塞|圣何塞
zh_CN|美国_加利福尼亚_圣克拉拉|圣克拉拉
zh_CN|美国_加利福尼亚_萨克拉门托|萨克拉门托
zh_CN|美国_加利福尼亚_萨利纳斯|萨利纳斯
zh_CN|美国_加利福尼亚_圣罗莎|圣罗莎
zh_CN|美国_加利福尼亚_圣玛丽亚|圣玛丽亚
zh_CN|美国_加利福尼亚_圣马特奥|圣马特奥
zh_CN|美国_加利福尼亚_森尼韦尔|森尼韦尔
zh_CN|美国_加利福尼亚_斯托克顿|斯托克顿
zh_CN|美国_加利福尼亚_圣塔克拉利塔|圣塔克拉利塔
zh_CN|美国_加利福尼亚_托伦斯|托伦斯
zh_CN|美国_加利福尼亚_唐尼|唐尼
zh_CN|美国_加利福尼亚_维克多维尔|维克多维尔
zh_CN|美国_加利福尼亚_瓦列霍|瓦列霍
zh_CN|美国_加利福尼亚_维塞利亚|维塞利亚
zh_CN|美国_加利福尼亚_文图拉|文图拉
zh_CN|美国_加利福尼亚_西柯汶纳|西柯汶纳
zh_CN|美国_加利福尼亚_西米谷|西米谷
zh_CN|美国_加利福尼亚_英格尔伍德|英格尔伍德
zh_CN|美国_加利福尼亚_园林市|园林市
zh_CN|美国_加利福尼亚_棕榈谷|棕榈谷
zh_CN|美国_科罗拉多|科罗拉多
zh_CN|美国_科罗拉多_奥罗拉|奥罗拉
zh_CN|美国_科罗拉多_阿斯彭|阿斯彭
zh_CN|美国_科罗拉多_阿瓦达|阿瓦达
zh_CN|美国_科罗拉多_博尔德|博尔德
zh_CN|美国_科罗拉多_丹佛|丹佛
zh_CN|美国_科罗拉多_大章克申|大章克申
zh_CN|美国_科罗拉多_科罗拉多斯普林斯|科罗拉多斯普林斯
zh_CN|美国_科罗拉多_柯林斯堡|柯林斯堡
zh_CN|美国_科罗拉多_莱克伍德|莱克伍德
zh_CN|美国_科罗拉多_普韦布洛|普韦布洛
zh_CN|美国_科罗拉多_桑顿|桑顿
zh_CN|美国_科罗拉多_森特尼尔|森特尼尔
zh_CN|美国_科罗拉多_韦尔|韦尔
zh_CN|美国_科罗拉多_威斯敏斯特|威斯敏斯特
zh_CN|美国_康涅狄格|康涅狄格
zh_CN|美国_康涅狄格_布里奇波特|布里奇波特
zh_CN|美国_康涅狄格_达里恩|达里恩
zh_CN|美国_康涅狄格_格林尼治|格林尼治
zh_CN|美国_康涅狄格_哈特福德|哈特福德
zh_CN|美国_康涅狄格_米德尔顿|米德尔顿
zh_CN|美国_康涅狄格_纽黑文|纽黑文
zh_CN|美国_康涅狄格_斯坦福|斯坦福
zh_CN|美国_康涅狄格_韦斯特波特|韦斯特波特
zh_CN|美国_康涅狄格_沃特伯里|沃特伯里
zh_CN|美国_康涅狄格_新不列颠|新不列颠
zh_CN|美国_堪萨斯|堪萨斯
zh_CN|美国_堪萨斯_阿比林|阿比林
zh_CN|美国_堪萨斯_奥弗兰公园|奥弗兰公园
zh_CN|美国_堪萨斯_奥拉西|奥拉西
zh_CN|美国_堪萨斯_哈钦森|哈钦森
zh_CN|美国_堪萨斯_堪萨斯城|堪萨斯城
zh_CN|美国_堪萨斯_劳伦斯|劳伦斯
zh_CN|美国_堪萨斯_莱文沃思|莱文沃思
zh_CN|美国_堪萨斯_曼哈顿|曼哈顿
zh_CN|美国_堪萨斯_托皮卡|托皮卡
zh_CN|美国_堪萨斯_威奇托|威奇托
zh_CN|美国_肯塔基|肯塔基
zh_CN|美国_肯塔基_列克星敦|列克星敦
zh_CN|美国_肯塔基_路易斯维尔|路易斯维尔
zh_CN|美国_肯塔基_欧文斯伯勒|欧文斯伯勒
zh_CN|美国_罗德岛|罗德岛
zh_CN|美国_罗德岛_波塔基特|波塔基特
zh_CN|美国_罗德岛_克兰斯顿|克兰斯顿
zh_CN|美国_罗德岛_纽波特|纽波特
zh_CN|美国_罗德岛_普罗维登斯|普罗维登斯
zh_CN|美国_罗德岛_文索基特|文索基特
zh_CN|美国_罗德岛_韦斯特利|韦斯特利
zh_CN|美国_罗德岛_沃威克|沃威克
zh_CN|美国_路易斯安那|路易斯安那
zh_CN|美国_路易斯安那_巴吞鲁日|巴吞鲁日
zh_CN|美国_路易斯安那_拉法叶|拉法叶
zh_CN|美国_路易斯安那_什里夫波特|什里夫波特
zh_CN|美国_路易斯安那_新奥尔良|新奥尔良
zh_CN|美国_蒙大拿|蒙大拿
zh_CN|美国_蒙大拿_比灵斯|比灵斯
zh_CN|美国_蒙大拿_大瀑布村|大瀑布村
zh_CN|美国_蒙大拿_米苏拉|米苏拉
zh_CN|美国_马里兰|马里兰
zh_CN|美国_马里兰_巴尔的摩|巴尔的摩
zh_CN|美国_马里兰_盖瑟斯堡|盖瑟斯堡
zh_CN|美国_马里兰_罗克维尔|罗克维尔
zh_CN|美国_明尼苏达|明尼苏达
zh_CN|美国_明尼苏达_罗切斯特|罗切斯特
zh_CN|美国_明尼苏达_明尼阿波利斯|明尼阿波利斯
zh_CN|美国_明尼苏达_圣保罗|圣保罗
zh_CN|美国_密苏里|密苏里
zh_CN|美国_密苏里_独立城|独立城
zh_CN|美国_密苏里_哥伦比亚|哥伦比亚
zh_CN|美国_密苏里_杰佛逊市|杰佛逊市
zh_CN|美国_密苏里_堪萨斯城|堪萨斯城
zh_CN|美国_密苏里_圣路易斯|圣路易斯
zh_CN|美国_密苏里_斯普林菲尔德|斯普林菲尔德
zh_CN|美国_马萨诸塞|马萨诸塞
zh_CN|美国_马萨诸塞_波士顿|波士顿
zh_CN|美国_马萨诸塞_剑桥|剑桥
zh_CN|美国_马萨诸塞_洛厄尔|洛厄尔
zh_CN|美国_马萨诸塞_斯普林菲尔德|斯普林菲尔德
zh_CN|美国_马萨诸塞_伍斯特|伍斯特
zh_CN|美国_密歇根|密歇根
zh_CN|美国_密歇根_安娜堡|安娜堡
zh_CN|美国_密歇根_贝城|贝城
zh_CN|美国_密歇根_巴特尔克里克|巴特尔克里克
zh_CN|美国_密歇根_迪尔伯恩|迪尔伯恩
zh_CN|美国_密歇根_大急流城|大急流城
zh_CN|美国_密歇根_底特律|底特律
zh_CN|美国_密歇根_弗林特|弗林特
zh_CN|美国_密歇根_怀恩多特|怀恩多特
zh_CN|美国_密歇根_兰辛|兰辛
zh_CN|美国_密歇根_马斯基根|马斯基根
zh_CN|美国_密歇根_庞菷亚克|庞菷亚克
zh_CN|美国_密歇根_卡拉马袓|卡拉马袓
zh_CN|美国_密歇根_萨吉诺|萨吉诺
zh_CN|美国_密歇根_苏圣玛丽|苏圣玛丽
zh_CN|美国_密歇根_斯特灵海茨|斯特灵海茨
zh_CN|美国_密歇根_沃伦|沃伦
zh_CN|美国_密歇根_休伦港|休伦港
zh_CN|美国_密西西比|密西西比
zh_CN|美国_密西西比_比洛克西|比洛克西
zh_CN|美国_密西西比_格尔夫波特|格尔夫波特
zh_CN|美国_密西西比_格林维尔|格林维尔
zh_CN|美国_密西西比_哈蒂斯堡|哈蒂斯堡
zh_CN|美国_密西西比_杰克逊|杰克逊
zh_CN|美国_密西西比_默里迪恩|默里迪恩
zh_CN|美国_密西西比_维克斯堡|维克斯堡
zh_CN|美国_缅因|缅因
zh_CN|美国_缅因_班戈|班戈
zh_CN|美国_缅因_波特兰|波特兰
zh_CN|美国_缅因_刘易斯顿|刘易斯顿
zh_CN|美国_内布拉斯加|内布拉斯加
zh_CN|美国_内布拉斯加_奥马哈|奥马哈
zh_CN|美国_内布拉斯加_贝尔维尤|贝尔维尤
zh_CN|美国_内布拉斯加_林肯|林肯
zh_CN|美国_南达科他|南达科他
zh_CN|美国_南达科他_阿伯丁|阿伯丁
zh_CN|美国_南达科他_拉皮德城|拉皮德城
zh_CN|美国_南达科他_苏福尔斯|苏福尔斯
zh_CN|美国_内华达州|内华达州
zh_CN|美国_内华达州_埃尔科|埃尔科
zh_CN|美国_内华达州_北拉斯维加斯|北拉斯维加斯
zh_CN|美国_内华达州_弗吉尼亚城|弗吉尼亚城
zh_CN|美国_内华达州_亨德森|亨德森
zh_CN|美国_内华达州_里诺|里诺
zh_CN|美国_内华达州_拉斯维加斯|拉斯维加斯
zh_CN|美国_内华达州_卡森城|卡森城
zh_CN|美国_内华达州_斯帕克斯|斯帕克斯
zh_CN|美国_南卡罗来纳|南卡罗来纳
zh_CN|美国_南卡罗来纳_北查尔斯顿|北查尔斯顿
zh_CN|美国_南卡罗来纳_查尔斯顿|查尔斯顿
zh_CN|美国_南卡罗来纳_哥伦比亚|哥伦比亚
zh_CN|美国_纽约|纽约
zh_CN|美国_纽约_布法罗|布法罗
zh_CN|美国_纽约_罗切斯特|罗切斯特
zh_CN|美国_纽约_纽约市|纽约市
zh_CN|美国_纽约_雪城|雪城
zh_CN|美国_纽约_扬克斯|扬克斯
zh_CN|美国_特拉华|特拉华
zh_CN|美国_特拉华_多佛|多佛
zh_CN|美国_特拉华_纽瓦克|纽瓦克
zh_CN|美国_特拉华_威明顿|威明顿
zh_CN|美国_田纳西|田纳西
zh_CN|美国_田纳西_布利斯托|布利斯托
zh_CN|美国_田纳西_查塔努加|查塔努加
zh_CN|美国_田纳西_金斯波特|金斯波特
zh_CN|美国_田纳西_克拉克维尔|克拉克维尔
zh_CN|美国_田纳西_默弗里斯伯勒|默弗里斯伯勒
zh_CN|美国_田纳西_孟菲斯|孟菲斯
zh_CN|美国_田纳西_诺克斯维尔|诺克斯维尔
zh_CN|美国_田纳西_纳什维尔|纳什维尔
zh_CN|美国_田纳西_三城区|三城区
zh_CN|美国_田纳西_士麦那|士麦那
zh_CN|美国_田纳西_斯普林希尔|斯普林希尔
zh_CN|美国_田纳西_约翰逊城|约翰逊城
zh_CN|美国_维吉尼亚|维吉尼亚
zh_CN|美国_维吉尼亚_阿波马托克斯|阿波马托克斯
zh_CN|美国_维吉尼亚_爱德华王子县|爱德华王子县
zh_CN|美国_维吉尼亚_阿尔伯马尔|阿尔伯马尔
zh_CN|美国_维吉尼亚_奥古斯塔|奥古斯塔
zh_CN|美国_维吉尼亚_阿科马克|阿科马克
zh_CN|美国_维吉尼亚_阿灵顿|阿灵顿
zh_CN|美国_维吉尼亚_阿利根尼|阿利根尼
zh_CN|美国_维吉尼亚_奥兰治|奥兰治
zh_CN|美国_维吉尼亚_阿米利亚|阿米利亚
zh_CN|美国_维吉尼亚_阿默斯特|阿默斯特
zh_CN|美国_维吉尼亚_埃塞克斯|埃塞克斯
zh_CN|美国_维吉尼亚_北安普敦|北安普敦
zh_CN|美国_维吉尼亚_贝德福|贝德福
zh_CN|美国_维吉尼亚_彼得斯堡|彼得斯堡
zh_CN|美国_维吉尼亚_白金汉|白金汉
zh_CN|美国_维吉尼亚_布坎南|布坎南
zh_CN|美国_维吉尼亚_布兰德|布兰德
zh_CN|美国_维吉尼亚_布伦瑞克|布伦瑞克
zh_CN|美国_维吉尼亚_布里斯托尔|布里斯托尔
zh_CN|美国_维吉尼亚_巴斯|巴斯
zh_CN|美国_维吉尼亚_博特托尔特|博特托尔特
zh_CN|美国_维吉尼亚_波瓦坦|波瓦坦
zh_CN|美国_维吉尼亚_布尤纳维斯塔|布尤纳维斯塔
zh_CN|美国_维吉尼亚_查尔斯城|查尔斯城
zh_CN|美国_维吉尼亚_迪肯森|迪肯森
zh_CN|美国_维吉尼亚_丁威迪|丁威迪
zh_CN|美国_维吉尼亚_丹维尔|丹维尔
zh_CN|美国_维吉尼亚_恩波利亚|恩波利亚
zh_CN|美国_维吉尼亚_费尔法克斯|费尔法克斯
zh_CN|美国_维吉尼亚_福尔斯彻奇|福尔斯彻奇
zh_CN|美国_维吉尼亚_福基尔|福基尔
zh_CN|美国_维吉尼亚_弗吉尼亚比奇|弗吉尼亚比奇
zh_CN|美国_维吉尼亚_弗雷德里克|弗雷德里克
zh_CN|美国_维吉尼亚_弗雷德里克斯堡|弗雷德里克斯堡
zh_CN|美国_维吉尼亚_富兰克林|富兰克林
zh_CN|美国_维吉尼亚_弗卢万纳|弗卢万纳
zh_CN|美国_维吉尼亚_弗洛伊德|弗洛伊德
zh_CN|美国_维吉尼亚_格林|格林
zh_CN|美国_维吉尼亚_格雷森|格雷森
zh_CN|美国_维吉尼亚_格洛斯特|格洛斯特
zh_CN|美国_维吉尼亚_格林维尔|格林维尔
zh_CN|美国_维吉尼亚_古奇兰|古奇兰
zh_CN|美国_维吉尼亚_国王与王后县|国王与王后县
zh_CN|美国_维吉尼亚_海兰|海兰
zh_CN|美国_维吉尼亚_亨利|亨利
zh_CN|美国_维吉尼亚_哈利法克斯|哈利法克斯
zh_CN|美国_维吉尼亚_亨利科|亨利科
zh_CN|美国_维吉尼亚_哈里森堡|哈里森堡
zh_CN|美国_维吉尼亚_汉诺威|汉诺威
zh_CN|美国_维吉尼亚_汉普顿|汉普顿
zh_CN|美国_维吉尼亚_霍普韦尔|霍普韦尔
zh_CN|美国_维吉尼亚_怀斯|怀斯
zh_CN|美国_维吉尼亚_华盛顿|华盛顿
zh_CN|美国_维吉尼亚_怀特岛|怀特岛
zh_CN|美国_维吉尼亚_贾尔斯|贾尔斯
zh_CN|美国_维吉尼亚_加莱克斯|加莱克斯
zh_CN|美国_维吉尼亚_加罗林|加罗林
zh_CN|美国_维吉尼亚_坎贝尔|坎贝尔
zh_CN|美国_维吉尼亚_坎伯兰|坎伯兰
zh_CN|美国_维吉尼亚_库尔佩珀|库尔佩珀
zh_CN|美国_维吉尼亚_克拉尔克|克拉尔克
zh_CN|美国_维吉尼亚_克雷格|克雷格
zh_CN|美国_维吉尼亚_科隆尼尔海次|科隆尼尔海次
zh_CN|美国_维吉尼亚_科文顿|科文顿
zh_CN|美国_维吉尼亚_劳登郡|劳登郡
zh_CN|美国_维吉尼亚_罗金厄姆|罗金厄姆
zh_CN|美国_维吉尼亚_兰开斯特|兰开斯特
zh_CN|美国_维吉尼亚_列克星敦|列克星敦
zh_CN|美国_维吉尼亚_卢嫩堡郡|卢嫩堡郡
zh_CN|美国_维吉尼亚_拉帕汉诺克|拉帕汉诺克
zh_CN|美国_维吉尼亚_林奇堡|林奇堡
zh_CN|美国_维吉尼亚_拉塞尔|拉塞尔
zh_CN|美国_维吉尼亚_里士满|里士满
zh_CN|美国_维吉尼亚_李县|李县
zh_CN|美国_维吉尼亚_洛亚诺克|洛亚诺克
zh_CN|美国_维吉尼亚_路易莎郡|路易莎郡
zh_CN|美国_维吉尼亚_米德尔塞克斯|米德尔塞克斯
zh_CN|美国_维吉尼亚_马丁斯维尔|马丁斯维尔
zh_CN|美国_维吉尼亚_麦迪逊|麦迪逊
zh_CN|美国_维吉尼亚_蒙哥马利|蒙哥马利
zh_CN|美国_维吉尼亚_梅克伦堡|梅克伦堡
zh_CN|美国_维吉尼亚_马纳萨斯|马纳萨斯
zh_CN|美国_维吉尼亚_马纳萨斯帕克|马纳萨斯帕克
zh_CN|美国_维吉尼亚_马修斯|马修斯
zh_CN|美国_维吉尼亚_南安普敦|南安普敦
zh_CN|美国_维吉尼亚_纽波特纽斯|纽波特纽斯
zh_CN|美国_维吉尼亚_诺顿|诺顿
zh_CN|美国_维吉尼亚_纳尔逊|纳尔逊
zh_CN|美国_维吉尼亚_诺福克|诺福克
zh_CN|美国_维吉尼亚_诺森伯兰郡|诺森伯兰郡
zh_CN|美国_维吉尼亚_诺托韦|诺托韦
zh_CN|美国_维吉尼亚_朴茨茅斯|朴茨茅斯
zh_CN|美国_维吉尼亚_普库森|普库森
zh_CN|美国_维吉尼亚_佩奇县|佩奇县
zh_CN|美国_维吉尼亚_帕特里克|帕特里克
zh_CN|美国_维吉尼亚_皮特斯瓦|皮特斯瓦
zh_CN|美国_维吉尼亚_普瓦斯基|普瓦斯基
zh_CN|美国_维吉尼亚_卡罗尔|卡罗尔
zh_CN|美国_维吉尼亚_切萨皮克|切萨皮克
zh_CN|美国_维吉尼亚_切斯特菲尔德|切斯特菲尔德
zh_CN|美国_维吉尼亚_乔治王|乔治王
zh_CN|美国_维吉尼亚_乔治王子县|乔治王子县
zh_CN|美国_维吉尼亚_瑞德福|瑞德福
zh_CN|美国_维吉尼亚_斯波特瑟尔韦尼亚|斯波特瑟尔韦尼亚
zh_CN|美国_维吉尼亚_士丹顿|士丹顿
zh_CN|美国_维吉尼亚_萨福克|萨福克
zh_CN|美国_维吉尼亚_斯科特|斯科特
zh_CN|美国_维吉尼亚_萨里|萨里
zh_CN|美国_维吉尼亚_萨利姆|萨利姆
zh_CN|美国_维吉尼亚_史密斯|史密斯
zh_CN|美国_维吉尼亚_石桥郡|石桥郡
zh_CN|美国_维吉尼亚_苏塞克斯|苏塞克斯
zh_CN|美国_维吉尼亚_斯塔福德|斯塔福德
zh_CN|美国_维吉尼亚_塔兹韦尔|塔兹韦尔
zh_CN|美国_维吉尼亚_温彻斯特|温彻斯特
zh_CN|美国_维吉尼亚_韦恩斯伯勒|韦恩斯伯勒
zh_CN|美国_维吉尼亚_沃伦|沃伦
zh_CN|美国_维吉尼亚_威廉斯堡|威廉斯堡
zh_CN|美国_维吉尼亚_威廉王|威廉王
zh_CN|美国_维吉尼亚_威廉王子县|威廉王子县
zh_CN|美国_维吉尼亚_威斯|威斯
zh_CN|美国_维吉尼亚_威斯特摩兰德|威斯特摩兰德
zh_CN|美国_维吉尼亚_新肯特|新肯特
zh_CN|美国_维吉尼亚_夏洛茨维尔|夏洛茨维尔
zh_CN|美国_维吉尼亚_夏洛特|夏洛特
zh_CN|美国_维吉尼亚_谢南多厄|谢南多厄
zh_CN|美国_维吉尼亚_约克|约克
zh_CN|美国_维吉尼亚_亚历山大港|亚历山大港
zh_CN|美国_维吉尼亚_詹姆斯城|詹姆斯城
zh_CN|美国_威斯康星|威斯康星
zh_CN|美国_威斯康星_阿普尓顿|阿普尓顿
zh_CN|美国_威斯康星_奥什科什|奥什科什
zh_CN|美国_威斯康星_格林贝|格林贝
zh_CN|美国_威斯康星_基诺沙|基诺沙
zh_CN|美国_威斯康星_拉克罗斯|拉克罗斯
zh_CN|美国_威斯康星_拉辛|拉辛
zh_CN|美国_威斯康星_迈迪逊|迈迪逊
zh_CN|美国_威斯康星_密尔沃基|密尔沃基
zh_CN|美国_威斯康星_马尼托沃克|马尼托沃克
zh_CN|美国_威斯康星_欧克莱尓|欧克莱尓
zh_CN|美国_威斯康星_沃索|沃索
zh_CN|美国_威斯康星_希博伊根|希博伊根
zh_CN|美国_西佛吉尼亚|西佛吉尼亚
zh_CN|美国_西佛吉尼亚_查尔斯顿|查尔斯顿
zh_CN|美国_西佛吉尼亚_亨廷顿|亨廷顿
zh_CN|美国_西佛吉尼亚_帕克斯堡|帕克斯堡
zh_CN|美国_新罕布什尔|新罕布什尔
zh_CN|美国_新罕布什尔_康科德|康科德
zh_CN|美国_新罕布什尔_曼彻斯特|曼彻斯特
zh_CN|美国_新罕布什尔_纳舒厄|纳舒厄
zh_CN|美国_新墨西哥|新墨西哥
zh_CN|美国_新墨西哥_阿尔伯克基|阿尔伯克基
zh_CN|美国_新墨西哥_拉斯克鲁塞斯|拉斯克鲁塞斯
zh_CN|美国_新墨西哥_罗斯韦尔|罗斯韦尔
zh_CN|美国_新墨西哥_圣菲|圣菲
zh_CN|美国_夏威夷|夏威夷
zh_CN|美国_夏威夷_凯卢阿|凯卢阿
zh_CN|美国_夏威夷_檀香山|檀香山
zh_CN|美国_夏威夷_希洛|希洛
zh_CN|美国_新泽西|新泽西
zh_CN|美国_新泽西_爱迪生|爱迪生
zh_CN|美国_新泽西_纽瓦克|纽瓦克
zh_CN|美国_新泽西_帕特森|帕特森
zh_CN|美国_新泽西_伊丽莎白|伊丽莎白
zh_CN|美国_新泽西_泽西城|泽西城
zh_CN|美国_印第安那|印第安那
zh_CN|美国_印第安那_埃文斯维尔|埃文斯维尔
zh_CN|美国_印第安那_南本德|南本德
zh_CN|美国_印第安那_韦恩堡|韦恩堡
zh_CN|美国_印第安那_印第安纳波利斯|印第安纳波利斯
zh_CN|美国_伊利诺斯州|伊利诺斯州
zh_CN|美国_伊利诺斯州_奥尔顿|奥尔顿
zh_CN|美国_伊利诺斯州_埃尔金|埃尔金
zh_CN|美国_伊利诺斯州_奥罗拉|奥罗拉
zh_CN|美国_伊利诺斯州_布卢明顿|布卢明顿
zh_CN|美国_伊利诺斯州_迪凯特|迪凯特
zh_CN|美国_伊利诺斯州_迪卡尔布|迪卡尔布
zh_CN|美国_伊利诺斯州_东圣路易斯|东圣路易斯
zh_CN|美国_伊利诺斯州_丹维尓|丹维尓
zh_CN|美国_伊利诺斯州_厄巴纳-香槟|厄巴纳-香槟
zh_CN|美国_伊利诺斯州_盖尔斯堡|盖尔斯堡
zh_CN|美国_伊利诺斯州_罗克艾兰|罗克艾兰
zh_CN|美国_伊利诺斯州_罗克福德|罗克福德
zh_CN|美国_伊利诺斯州_诺黙尔|诺黙尔
zh_CN|美国_伊利诺斯州_内珀维尔|内珀维尔
zh_CN|美国_伊利诺斯州_皮奥里亚|皮奥里亚
zh_CN|美国_伊利诺斯州_卡本代尔|卡本代尔
zh_CN|美国_伊利诺斯州_乔利埃特|乔利埃特
zh_CN|美国_伊利诺斯州_斯普林菲尔德|斯普林菲尔德
zh_CN|美国_伊利诺斯州_森特勒利亚|森特勒利亚
zh_CN|美国_伊利诺斯州_沃其根|沃其根
zh_CN|美国_伊利诺斯州_芝加哥|芝加哥
zh_CN|美国_亚利桑那|亚利桑那
zh_CN|美国_亚利桑那_凤凰城|凤凰城
zh_CN|美国_亚利桑那_格兰代尔|格兰代尔
zh_CN|美国_亚利桑那_吉尔伯特|吉尔伯特
zh_CN|美国_亚利桑那_梅萨|梅萨
zh_CN|美国_亚利桑那_皮奥里亚|皮奥里亚
zh_CN|美国_亚利桑那_钱德勒|钱德勒
zh_CN|美国_亚利桑那_瑟普赖斯|瑟普赖斯
zh_CN|美国_亚利桑那_史卡兹代尔|史卡兹代尔
zh_CN|美国_亚利桑那_坦普|坦普
zh_CN|美国_亚利桑那_图森|图森
zh_CN|美国_亚利桑那_优玛|优玛
zh_CN|美国_犹他|犹他
zh_CN|美国_犹他_奥格登|奥格登
zh_CN|美国_犹他_雷登|雷登
zh_CN|美国_犹他_欧仁|欧仁
zh_CN|美国_犹他_帕克城|帕克城
zh_CN|美国_犹他_普罗沃|普罗沃
zh_CN|美国_犹他_圣乔治|圣乔治
zh_CN|美国_犹他_西乔丹|西乔丹
zh_CN|美国_犹他_西瓦利城|西瓦利城
zh_CN|美国_犹他_盐湖城|盐湖城
zh_CN|美国_佐治亚|佐治亚
zh_CN|美国_佐治亚_奥古斯塔|奥古斯塔
zh_CN|美国_佐治亚_哥伦布|哥伦布
zh_CN|美国_佐治亚_梅肯|梅肯
zh_CN|美国_佐治亚_沙瓦纳|沙瓦纳
zh_CN|美国_佐治亚_雅典|雅典
zh_CN|美国_佐治亚_亚特兰大|亚特兰大
zh_CN|孟加拉|孟加拉
zh_CN|秘鲁|秘鲁
zh_CN|摩洛哥|摩洛哥
zh_CN|毛里求斯|毛里求斯
zh_CN|毛里塔尼亚|毛里塔尼亚
zh_CN|马拉维|马拉维
zh_CN|马来西亚|马来西亚
zh_CN|马来西亚_玻璃市|玻璃市
zh_CN|马来西亚_玻璃市_加央|加央
zh_CN|马来西亚_槟榔屿|槟榔屿
zh_CN|马来西亚_槟榔屿_槟城|槟城
zh_CN|马来西亚_槟榔屿_北海|北海
zh_CN|马来西亚_槟榔屿_大山脚|大山脚
zh_CN|马来西亚_槟榔屿_高渊|高渊
zh_CN|马来西亚_丁加奴|丁加奴
zh_CN|马来西亚_丁加奴_瓜拉丁加奴|瓜拉丁加奴
zh_CN|马来西亚_丁加奴_甘马挽|甘马挽
zh_CN|马来西亚_丁加奴_龙运|龙运
zh_CN|马来西亚_丁加奴_马江|马江
zh_CN|马来西亚_丁加奴_实兆|实兆
zh_CN|马来西亚_丁加奴_乌鲁|乌鲁
zh_CN|马来西亚_丁加奴_勿述|勿述
zh_CN|马来西亚_吉打|吉打
zh_CN|马来西亚_吉打_巴东得腊|巴东得腊
zh_CN|马来西亚_吉打_笨筒|笨筒
zh_CN|马来西亚_吉打_浮罗交怡|浮罗交怡
zh_CN|马来西亚_吉打_古邦巴素|古邦巴素
zh_CN|马来西亚_吉打_哥打士打|哥打士打
zh_CN|马来西亚_吉打_瓜拉姆达|瓜拉姆达
zh_CN|马来西亚_吉打_华玲|华玲
zh_CN|马来西亚_吉打_居林|居林
zh_CN|马来西亚_吉打_万拉峇鲁|万拉峇鲁
zh_CN|马来西亚_吉兰丹|吉兰丹
zh_CN|马来西亚_吉兰丹_巴西富地|巴西富地
zh_CN|马来西亚_吉兰丹_巴西马|巴西马
zh_CN|马来西亚_吉兰丹_道北|道北
zh_CN|马来西亚_吉兰丹_丹那美拉|丹那美拉
zh_CN|马来西亚_吉兰丹_登卓|登卓
zh_CN|马来西亚_吉兰丹_哥打巴鲁|哥打巴鲁
zh_CN|马来西亚_吉兰丹_瓜拉吉赖|瓜拉吉赖
zh_CN|马来西亚_吉兰丹_话望生|话望生
zh_CN|马来西亚_吉兰丹_马樟|马樟
zh_CN|马来西亚_吉兰丹_日里|日里
zh_CN|马来西亚_吉隆坡|吉隆坡
zh_CN|马来西亚_吉隆坡_吉隆坡|吉隆坡
zh_CN|马来西亚_马六甲|马六甲
zh_CN|马来西亚_马六甲_马六甲市|马六甲市
zh_CN|马来西亚_马六甲_亚罗牙也|亚罗牙也
zh_CN|马来西亚_马六甲_野新|野新
zh_CN|马来西亚_纳闽|纳闽
zh_CN|马来西亚_纳闽_纳闽|纳闽
zh_CN|马来西亚_纳闽_维多利亚|维多利亚
zh_CN|马来西亚_彭亨|彭亨
zh_CN|马来西亚_彭亨_北根|北根
zh_CN|马来西亚_彭亨_百乐|百乐
zh_CN|马来西亚_彭亨_淡马鲁|淡马鲁
zh_CN|马来西亚_彭亨_而连突|而连突
zh_CN|马来西亚_彭亨_关丹|关丹
zh_CN|马来西亚_彭亨_金马仑高原|金马仑高原
zh_CN|马来西亚_彭亨_立卑|立卑
zh_CN|马来西亚_彭亨_劳勿|劳勿
zh_CN|马来西亚_彭亨_马兰|马兰
zh_CN|马来西亚_彭亨_文冬|文冬
zh_CN|马来西亚_彭亨_云冰|云冰
zh_CN|马来西亚_霹雳|霹雳
zh_CN|马来西亚_霹雳_安顺|安顺
zh_CN|马来西亚_霹雳_丹绒马|丹绒马
zh_CN|马来西亚_霹雳_华都牙也|华都牙也
zh_CN|马来西亚_霹雳_和丰|和丰
zh_CN|马来西亚_霹雳_江沙|江沙
zh_CN|马来西亚_霹雳_紅土坎|紅土坎
zh_CN|马来西亚_霹雳_太平|太平
zh_CN|马来西亚_霹雳_怡保|怡保
zh_CN|马来西亚_柔佛|柔佛
zh_CN|马来西亚_柔佛_笨珍|笨珍
zh_CN|马来西亚_柔佛_丰盛港|丰盛港
zh_CN|马来西亚_柔佛_哥打丁宜|哥打丁宜
zh_CN|马来西亚_柔佛_居銮|居銮
zh_CN|马来西亚_柔佛_麻坡|麻坡
zh_CN|马来西亚_柔佛_昔加末|昔加末
zh_CN|马来西亚_柔佛_新山|新山
zh_CN|马来西亚_柔佛_峇株巴辖|峇株巴辖
zh_CN|马来西亚_沙巴|沙巴
zh_CN|马来西亚_沙巴_吧巴|吧巴
zh_CN|马来西亚_沙巴_必达士|必达士
zh_CN|马来西亚_沙巴_保佛|保佛
zh_CN|马来西亚_沙巴_比鲁兰|比鲁兰
zh_CN|马来西亚_沙巴_兵南邦|兵南邦
zh_CN|马来西亚_沙巴_担布南|担布南
zh_CN|马来西亚_沙巴_斗湖|斗湖
zh_CN|马来西亚_沙巴_丹南|丹南
zh_CN|马来西亚_沙巴_斗亚兰|斗亚兰
zh_CN|马来西亚_沙巴_古达|古达
zh_CN|马来西亚_沙巴_哥打基纳巴鲁|哥打基纳巴鲁
zh_CN|马来西亚_沙巴_古打毛律|古打毛律
zh_CN|马来西亚_沙巴_哥打马鲁都|哥打马鲁都
zh_CN|马来西亚_沙巴_根地咬|根地咬
zh_CN|马来西亚_沙巴_瓜拉班尤|瓜拉班尤
zh_CN|马来西亚_沙巴_古纳|古纳
zh_CN|马来西亚_沙巴_京那巴登岸|京那巴登岸
zh_CN|马来西亚_沙巴_兰脑|兰脑
zh_CN|马来西亚_沙巴_纳巴湾|纳巴湾
zh_CN|马来西亚_沙巴_拿笃|拿笃
zh_CN|马来西亚_沙巴_山打根|山打根
zh_CN|马来西亚_沙巴_仙本那|仙本那
zh_CN|马来西亚_沙巴_西比陶|西比陶
zh_CN|马来西亚_沙捞越|沙捞越
zh_CN|马来西亚_沙捞越_古晋|古晋
zh_CN|马来西亚_沙捞越_加帛|加帛
zh_CN|马来西亚_沙捞越_林梦|林梦
zh_CN|马来西亚_沙捞越_民都鲁|民都鲁
zh_CN|马来西亚_沙捞越_木胶|木胶
zh_CN|马来西亚_沙捞越_美里|美里
zh_CN|马来西亚_沙捞越_木中|木中
zh_CN|马来西亚_沙捞越_斯里阿曼|斯里阿曼
zh_CN|马来西亚_沙捞越_泗里街|泗里街
zh_CN|马来西亚_沙捞越_三马拉汉|三马拉汉
zh_CN|马来西亚_沙捞越_泗务|泗务
zh_CN|马来西亚_森美兰|森美兰
zh_CN|马来西亚_森美兰_波德申|波德申
zh_CN|马来西亚_森美兰_淡边|淡边
zh_CN|马来西亚_森美兰_芙蓉|芙蓉
zh_CN|马来西亚_森美兰_瓜拉庇劳|瓜拉庇劳
zh_CN|马来西亚_森美兰_林茂|林茂
zh_CN|马来西亚_森美兰_仁保|仁保
zh_CN|马来西亚_森美兰_日叻务|日叻务
zh_CN|马来西亚_雪兰莪|雪兰莪
zh_CN|马来西亚_雪兰莪_八打灵|八打灵
zh_CN|马来西亚_雪兰莪_鹅麦|鹅麦
zh_CN|马来西亚_雪兰莪_瓜拉冷岳|瓜拉冷岳
zh_CN|马来西亚_雪兰莪_瓜拉雪兰莪|瓜拉雪兰莪
zh_CN|马来西亚_雪兰莪_沙白安南|沙白安南
zh_CN|马来西亚_雪兰莪_乌鲁冷岳|乌鲁冷岳
zh_CN|马来西亚_雪兰莪_乌鲁雪兰莪|乌鲁雪兰莪
zh_CN|马来西亚_雪兰莪_雪邦|雪邦
zh_CN|摩纳哥|摩纳哥
zh_CN|马其顿|马其顿
zh_CN|莫桑比克|莫桑比克
zh_CN|马绍尔群岛|马绍尔群岛
zh_CN|墨西哥|墨西哥
zh_CN|墨西哥_奥夫雷贡城|奥夫雷贡城
zh_CN|墨西哥_阿瓜斯卡连斯特|阿瓜斯卡连斯特
zh_CN|墨西哥_奥里萨巴|奥里萨巴
zh_CN|墨西哥_埃莫西约|埃莫西约
zh_CN|墨西哥_埃佩切|埃佩切
zh_CN|墨西哥_阿卡普尔科|阿卡普尔科
zh_CN|墨西哥_巴利城|巴利城
zh_CN|墨西哥_比利亚埃尔莫萨|比利亚埃尔莫萨
zh_CN|墨西哥_贝尼托·胡亚雷斯|贝尼托·胡亚雷斯
zh_CN|墨西哥_波萨里卡|波萨里卡
zh_CN|墨西哥_巴亚尔塔港|巴亚尔塔港
zh_CN|墨西哥_蒂华纳|蒂华纳
zh_CN|墨西哥_杜兰戈|杜兰戈
zh_CN|墨西哥_恩塞纳达|恩塞纳达
zh_CN|墨西哥_瓜达拉哈拉|瓜达拉哈拉
zh_CN|墨西哥_瓜纳华托|瓜纳华托
zh_CN|墨西哥_哈拉帕|哈拉帕
zh_CN|墨西哥_华雷斯|华雷斯
zh_CN|墨西哥_库埃纳瓦卡|库埃纳瓦卡
zh_CN|墨西哥_夸察夸拉克斯|夸察夸拉克斯
zh_CN|墨西哥_库利阿坎|库利阿坎
zh_CN|墨西哥_科利马|科利马
zh_CN|墨西哥_克雷塔罗|克雷塔罗
zh_CN|墨西哥_莱昂|莱昂
zh_CN|墨西哥_拉巴斯|拉巴斯
zh_CN|墨西哥_雷诺萨|雷诺萨
zh_CN|墨西哥_洛斯莫奇斯|洛斯莫奇斯
zh_CN|墨西哥_蒙克洛瓦|蒙克洛瓦
zh_CN|墨西哥_梅里达|梅里达
zh_CN|墨西哥_莫雷利亚|莫雷利亚
zh_CN|墨西哥_马萨特兰|马萨特兰
zh_CN|墨西哥_蒙特雷|蒙特雷
zh_CN|墨西哥_马塔莫罗斯|马塔莫罗斯
zh_CN|墨西哥_墨西哥城|墨西哥城
zh_CN|墨西哥_墨西卡利|墨西卡利
zh_CN|墨西哥_诺加莱斯|诺加莱斯
zh_CN|墨西哥_普埃布拉|普埃布拉
zh_CN|墨西哥_帕丘卡|帕丘卡
zh_CN|墨西哥_奇尔潘辛戈|奇尔潘辛戈
zh_CN|墨西哥_卡门|卡门
zh_CN|墨西哥_切图马尔|切图马尔
zh_CN|墨西哥_奇瓦瓦|奇瓦瓦
zh_CN|墨西哥_萨尔蒂约|萨尔蒂约
zh_CN|墨西哥_塞拉亚|塞拉亚
zh_CN|墨西哥_圣路易斯波托亚|圣路易斯波托亚
zh_CN|墨西哥_萨卡特卡斯|萨卡特卡斯
zh_CN|墨西哥_托卢卡|托卢卡
zh_CN|墨西哥_特拉斯卡拉|特拉斯卡拉
zh_CN|墨西哥_托雷翁|托雷翁
zh_CN|墨西哥_特皮克|特皮克
zh_CN|墨西哥_坦皮科|坦皮科
zh_CN|墨西哥_塔帕丘拉|塔帕丘拉
zh_CN|墨西哥_图斯特拉-古铁雷斯|图斯特拉-古铁雷斯
zh_CN|墨西哥_特瓦坎|特瓦坎
zh_CN|墨西哥_维多利亚城|维多利亚城
zh_CN|墨西哥_瓦哈卡|瓦哈卡
zh_CN|墨西哥_乌鲁阿潘|乌鲁阿潘
zh_CN|墨西哥_韦拉克鲁斯|韦拉克鲁斯
zh_CN|墨西哥_新拉雷多|新拉雷多
zh_CN|墨西哥_伊拉普阿托|伊拉普阿托
zh_CN|尼泊尔|尼泊尔
zh_CN|南非|南非
zh_CN|南非_艾利弗山|艾利弗山
zh_CN|南非_阿平顿|阿平顿
zh_CN|南非_彼德马里茨堡|彼德马里茨堡
zh_CN|南非_彼德斯堡|彼德斯堡
zh_CN|南非_布雷达斯多普|布雷达斯多普
zh_CN|南非_布隆方丹|布隆方丹
zh_CN|南非_布隆克斯特斯普利特|布隆克斯特斯普利特
zh_CN|南非_比勒陀利亚|比勒陀利亚
zh_CN|南非_比索|比索
zh_CN|南非_德阿尔|德阿尔
zh_CN|南非_德班|德班
zh_CN|南非_东巴克利|东巴克利
zh_CN|南非_邓迪|邓迪
zh_CN|南非_东伦敦|东伦敦
zh_CN|南非_弗雷堡|弗雷堡
zh_CN|南非_弗里尼欣|弗里尼欣
zh_CN|南非_格罗布莱斯达尔|格罗布莱斯达尔
zh_CN|南非_金伯利|金伯利
zh_CN|南非_基雅尼|基雅尼
zh_CN|南非_克莱克斯多普|克莱克斯多普
zh_CN|南非_库鲁曼|库鲁曼
zh_CN|南非_开普敦|开普敦
zh_CN|南非_昆士敦|昆士敦
zh_CN|南非_理查兹湾|理查兹湾
zh_CN|南非_兰德方丹|兰德方丹
zh_CN|南非_莱迪史密斯|莱迪史密斯
zh_CN|南非_利斯滕堡|利斯滕堡
zh_CN|南非_米德尔堡|米德尔堡
zh_CN|南非_姆库泽|姆库泽
zh_CN|南非_穆里斯堡|穆里斯堡
zh_CN|南非_内尔斯普雷特|内尔斯普雷特
zh_CN|南非_尼尔斯特隆|尼尔斯特隆
zh_CN|南非_纽卡斯尔|纽卡斯尔
zh_CN|南非_乔治|乔治
zh_CN|南非_瑟孔达|瑟孔达
zh_CN|南非_萨索尔堡|萨索尔堡
zh_CN|南非_托霍延杜|托霍延杜
zh_CN|南非_特克索波|特克索波
zh_CN|南非_跳羚|跳羚
zh_CN|南非_图拉马哈谢|图拉马哈谢
zh_CN|南非_特隆普斯堡|特隆普斯堡
zh_CN|南非_韦茨肖克|韦茨肖克
zh_CN|南非_韦尔科姆|韦尔科姆
zh_CN|南非_乌伦迪|乌伦迪
zh_CN|南非_乌姆塔塔|乌姆塔塔
zh_CN|南非_伍斯特|伍斯特
zh_CN|南非_西博福特|西博福特
zh_CN|南非_谢普斯通港|谢普斯通港
zh_CN|南非_约翰内斯堡|约翰内斯堡
zh_CN|南非_伊丽莎白港|伊丽莎白港
zh_CN|尼加拉瓜|尼加拉瓜
zh_CN|纳米比亚|纳米比亚
zh_CN|尼日利亚|尼日利亚
zh_CN|挪威|挪威
zh_CN|帕劳群岛|帕劳群岛
zh_CN|葡萄牙|葡萄牙
zh_CN|葡萄牙_波尔图|波尔图
zh_CN|葡萄牙_滨海阿连特茹|滨海阿连特茹
zh_CN|葡萄牙_滨海皮尼亚尔|滨海皮尼亚尔
zh_CN|葡萄牙_杜罗|杜罗
zh_CN|葡萄牙_恩特拉杜罗伏日|恩特拉杜罗伏日
zh_CN|葡萄牙_法鲁|法鲁
zh_CN|葡萄牙_丰沙尔|丰沙尔
zh_CN|葡萄牙_科瓦贝拉|科瓦贝拉
zh_CN|葡萄牙_利巴特茹|利巴特茹
zh_CN|葡萄牙_里斯本|里斯本
zh_CN|葡萄牙_梅地奥特茹|梅地奥特茹
zh_CN|葡萄牙_米尼奥-利马|米尼奥-利马
zh_CN|葡萄牙_内贝拉北|内贝拉北
zh_CN|葡萄牙_内贝拉南|内贝拉南
zh_CN|葡萄牙_内皮尼亚尔北|内皮尼亚尔北
zh_CN|葡萄牙_内皮尼亚尔南|内皮尼亚尔南
zh_CN|葡萄牙_蓬塔德尔加达|蓬塔德尔加达
zh_CN|葡萄牙_卡瓦多|卡瓦多
zh_CN|葡萄牙_上阿连特茹|上阿连特茹
zh_CN|葡萄牙_山后|山后
zh_CN|葡萄牙_塞图巴尔半岛|塞图巴尔半岛
zh_CN|葡萄牙_上特拉斯山|上特拉斯山
zh_CN|葡萄牙_塔梅加|塔梅加
zh_CN|葡萄牙_万福|万福
zh_CN|葡萄牙_下阿连特茹|下阿连特茹
zh_CN|葡萄牙_西部|西部
zh_CN|葡萄牙_下伏日|下伏日
zh_CN|葡萄牙_下蒙德古|下蒙德古
zh_CN|葡萄牙_中阿连特茹|中阿连特茹
zh_CN|卡塔尔|卡塔尔
zh_CN|乔治亚|乔治亚
zh_CN|日本|日本
zh_CN|日本_爱媛|爱媛
zh_CN|日本_爱知|爱知
zh_CN|日本_北海道|北海道
zh_CN|日本_兵库|兵库
zh_CN|日本_宮城|宮城
zh_CN|日本_茨城|茨城
zh_CN|日本_长崎|长崎
zh_CN|日本_冲绳|冲绳
zh_CN|日本_长野|长野
zh_CN|日本_大阪|大阪
zh_CN|日本_徳岛|徳岛
zh_CN|日本_大分|大分
zh_CN|日本_岛根|岛根
zh_CN|日本_东京|东京
zh_CN|日本_福岛|福岛
zh_CN|日本_福冈|福冈
zh_CN|日本_福井|福井
zh_CN|日本_富山|富山
zh_CN|日本_广岛|广岛
zh_CN|日本_宫崎|宫崎
zh_CN|日本_冈山|冈山
zh_CN|日本_高知|高知
zh_CN|日本_和歌山|和歌山
zh_CN|日本_京都|京都
zh_CN|日本_静冈|静冈
zh_CN|日本_鹿儿岛|鹿儿岛
zh_CN|日本_枥木|枥木
zh_CN|日本_奈良|奈良
zh_CN|日本_鸟取|鸟取
zh_CN|日本_岐阜|岐阜
zh_CN|日本_群马|群马
zh_CN|日本_青森|青森
zh_CN|日本_秋田|秋田
zh_CN|日本_埼玉|埼玉
zh_CN|日本_千叶|千叶
zh_CN|日本_三重|三重
zh_CN|日本_石川|石川
zh_CN|日本_山口|山口
zh_CN|日本_山梨|山梨
zh_CN|日本_神奈川|神奈川
zh_CN|日本_山形|山形
zh_CN|日本_熊本|熊本
zh_CN|日本_香川|香川
zh_CN|日本_新潟|新潟
zh_CN|日本_岩手|岩手
zh_CN|日本_滋贺|滋贺
zh_CN|日本_佐贺|佐贺
zh_CN|瑞典|瑞典
zh_CN|瑞典_北博滕|北博滕
zh_CN|瑞典_布莱金厄|布莱金厄
zh_CN|瑞典_达拉纳|达拉纳
zh_CN|瑞典_东约特兰|东约特兰
zh_CN|瑞典_厄勒布鲁|厄勒布鲁
zh_CN|瑞典_哥得兰|哥得兰
zh_CN|瑞典_哈兰|哈兰
zh_CN|瑞典_克鲁努贝里|克鲁努贝里
zh_CN|瑞典_南曼兰|南曼兰
zh_CN|瑞典_卡尔马|卡尔马
zh_CN|瑞典_斯德哥尔摩|斯德哥尔摩
zh_CN|瑞典_斯科耐|斯科耐
zh_CN|瑞典_韦姆兰|韦姆兰
zh_CN|瑞典_乌普萨拉|乌普萨拉
zh_CN|瑞典_西博滕|西博滕
zh_CN|瑞典_西曼兰|西曼兰
zh_CN|瑞典_西诺尔兰|西诺尔兰
zh_CN|瑞典_西约特兰|西约特兰
zh_CN|瑞典_耶夫勒堡|耶夫勒堡
zh_CN|瑞典_耶姆特兰|耶姆特兰
zh_CN|瑞典_延雪平|延雪平
zh_CN|瑞士|瑞士
zh_CN|瑞士_阿尔高|阿尔高
zh_CN|瑞士_伯尔尼|伯尔尼
zh_CN|瑞士_巴塞尔|巴塞尔
zh_CN|瑞士_巴塞尔乡村|巴塞尔乡村
zh_CN|瑞士_楚格|楚格
zh_CN|瑞士_弗里堡|弗里堡
zh_CN|瑞士_格劳宾登|格劳宾登
zh_CN|瑞士_格拉鲁斯|格拉鲁斯
zh_CN|瑞士_洛桑|洛桑
zh_CN|瑞士_卢塞恩|卢塞恩
zh_CN|瑞士_内阿彭策尔|内阿彭策尔
zh_CN|瑞士_纳沙泰尔|纳沙泰尔
zh_CN|瑞士_汝拉|汝拉
zh_CN|瑞士_日内瓦|日内瓦
zh_CN|瑞士_沙夫豪森|沙夫豪森
zh_CN|瑞士_圣加仑|圣加仑
zh_CN|瑞士_苏黎世|苏黎世
zh_CN|瑞士_索洛图恩|索洛图恩
zh_CN|瑞士_施维茨|施维茨
zh_CN|瑞士_上瓦尔登|上瓦尔登
zh_CN|瑞士_图尔高|图尔高
zh_CN|瑞士_提契诺|提契诺
zh_CN|瑞士_沃|沃
zh_CN|瑞士_外阿彭策尔|外阿彭策尔
zh_CN|瑞士_瓦莱|瓦莱
zh_CN|瑞士_乌里|乌里
zh_CN|瑞士_下瓦尔登|下瓦尔登
zh_CN|苏丹|苏丹
zh_CN|塞尔维亚,黑山|塞尔维亚,黑山
zh_CN|圣基茨和尼维斯|圣基茨和尼维斯
zh_CN|斯洛伐克|斯洛伐克
zh_CN|塞拉利昂|塞拉利昂
zh_CN|斯里兰卡|斯里兰卡
zh_CN|所罗门群岛|所罗门群岛
zh_CN|苏里南|苏里南
zh_CN|斯洛文尼亚|斯洛文尼亚
zh_CN|圣马力诺|圣马力诺
zh_CN|萨摩亚|萨摩亚
zh_CN|塞内加尔|塞内加尔
zh_CN|塞舌尔|塞舌尔
zh_CN|沙特阿拉伯|沙特阿拉伯
zh_CN|沙特阿拉伯_艾卜哈|艾卜哈
zh_CN|沙特阿拉伯_阿尔阿尔|阿尔阿尔
zh_CN|沙特阿拉伯_阿尔胡富夫|阿尔胡富夫
zh_CN|沙特阿拉伯_阿尔姆巴拉兹|阿尔姆巴拉兹
zh_CN|沙特阿拉伯_阿尔卡里|阿尔卡里
zh_CN|沙特阿拉伯_阿尔朱拜勒|阿尔朱拜勒
zh_CN|沙特阿拉伯_巴哈|巴哈
zh_CN|沙特阿拉伯_布赖代|布赖代
zh_CN|沙特阿拉伯_达曼|达曼
zh_CN|沙特阿拉伯_哈费尔巴廷|哈费尔巴廷
zh_CN|沙特阿拉伯_海米斯穆谢特|海米斯穆谢特
zh_CN|沙特阿拉伯_哈伊勒|哈伊勒
zh_CN|沙特阿拉伯_吉达|吉达
zh_CN|沙特阿拉伯_吉赞|吉赞
zh_CN|沙特阿拉伯_利雅得|利雅得
zh_CN|沙特阿拉伯_麦地那|麦地那
zh_CN|沙特阿拉伯_麦加|麦加
zh_CN|沙特阿拉伯_纳季兰|纳季兰
zh_CN|沙特阿拉伯_塞卡卡|塞卡卡
zh_CN|沙特阿拉伯_塔布克|塔布克
zh_CN|沙特阿拉伯_塔伊夫|塔伊夫
zh_CN|沙特阿拉伯_延布|延布
zh_CN|斯威士兰|斯威士兰
zh_CN|土耳其|土耳其
zh_CN|土耳其_艾登|艾登
zh_CN|土耳其_埃迪尔内|埃迪尔内
zh_CN|土耳其_阿达纳|阿达纳
zh_CN|土耳其_阿德亚曼|阿德亚曼
zh_CN|土耳其_奥尔杜|奥尔杜
zh_CN|土耳其_阿尔达罕|阿尔达罕
zh_CN|土耳其_埃尔津詹|埃尔津詹
zh_CN|土耳其_阿尔特温|阿尔特温
zh_CN|土耳其_埃尔祖鲁姆|埃尔祖鲁姆
zh_CN|土耳其_阿菲永|阿菲永
zh_CN|土耳其_阿克萨赖|阿克萨赖
zh_CN|土耳其_阿勒|阿勒
zh_CN|土耳其_埃拉泽|埃拉泽
zh_CN|土耳其_阿马西亚|阿马西亚
zh_CN|土耳其_安卡拉|安卡拉
zh_CN|土耳其_埃斯基谢希尔|埃斯基谢希尔
zh_CN|土耳其_安塔利亚|安塔利亚
zh_CN|土耳其_布尔杜尔|布尔杜尔
zh_CN|土耳其_布尔萨|布尔萨
zh_CN|土耳其_巴尔腾|巴尔腾
zh_CN|土耳其_宾格尔|宾格尔
zh_CN|土耳其_博卢|博卢
zh_CN|土耳其_比莱吉克|比莱吉克
zh_CN|土耳其_巴勒克埃西尔|巴勒克埃西尔
zh_CN|土耳其_比特利斯|比特利斯
zh_CN|土耳其_巴特曼|巴特曼
zh_CN|土耳其_巴伊布尔特|巴伊布尔特
zh_CN|土耳其_昌克勒|昌克勒
zh_CN|土耳其_代尼兹利|代尼兹利
zh_CN|土耳其_迪亚巴克尔|迪亚巴克尔
zh_CN|土耳其_凡|凡
zh_CN|土耳其_哈卡里|哈卡里
zh_CN|土耳其_哈塔伊|哈塔伊
zh_CN|土耳其_加济安泰普|加济安泰普
zh_CN|土耳其_吉雷松|吉雷松
zh_CN|土耳其_基利斯|基利斯
zh_CN|土耳其_居米什哈内|居米什哈内
zh_CN|土耳其_克尔谢希尔|克尔谢希尔
zh_CN|土耳其_科贾埃利|科贾埃利
zh_CN|土耳其_柯克拉雷利|柯克拉雷利
zh_CN|土耳其_克勒克卡莱|克勒克卡莱
zh_CN|土耳其_科尼亚|科尼亚
zh_CN|土耳其_开塞利|开塞利
zh_CN|土耳其_拉飞|拉飞
zh_CN|土耳其_里泽|里泽
zh_CN|土耳其_马尔丁|马尔丁
zh_CN|土耳其_穆拉|穆拉
zh_CN|土耳其_马拉蒂亚|马拉蒂亚
zh_CN|土耳其_马尼萨|马尼萨
zh_CN|土耳其_穆什|穆什
zh_CN|土耳其_尼代|尼代
zh_CN|土耳其_内夫谢希尔|内夫谢希尔
zh_CN|土耳其_卡尔斯|卡尔斯
zh_CN|土耳其_卡赫拉曼马拉什|卡赫拉曼马拉什
zh_CN|土耳其_卡拉比克|卡拉比克
zh_CN|土耳其_乔鲁姆|乔鲁姆
zh_CN|土耳其_卡拉曼|卡拉曼
zh_CN|土耳其_恰纳卡莱|恰纳卡莱
zh_CN|土耳其_卡斯塔莫努|卡斯塔莫努
zh_CN|土耳其_屈塔希亚|屈塔希亚
zh_CN|土耳其_萨姆松|萨姆松
zh_CN|土耳其_萨卡里亚|萨卡里亚
zh_CN|土耳其_泰基尔达|泰基尔达
zh_CN|土耳其_通杰利|通杰利
zh_CN|土耳其_特拉布宗|特拉布宗
zh_CN|土耳其_托卡特|托卡特
zh_CN|土耳其_乌萨克|乌萨克
zh_CN|土耳其_锡尔纳克|锡尔纳克
zh_CN|土耳其_锡尔特|锡尔特
zh_CN|土耳其_锡诺普|锡诺普
zh_CN|土耳其_锡瓦斯|锡瓦斯
zh_CN|土耳其_伊迪尔|伊迪尔
zh_CN|土耳其_伊切尔|伊切尔
zh_CN|土耳其_伊斯帕尔塔|伊斯帕尔塔
zh_CN|土耳其_伊斯坦布尔|伊斯坦布尔
zh_CN|土耳其_约兹加特|约兹加特
zh_CN|土耳其_伊兹密尔|伊兹密尔
zh_CN|土耳其_宗古尔达克|宗古尔达克
zh_CN|泰国|泰国
zh_CN|泰国_安纳乍能|安纳乍能
zh_CN|泰国_北标|北标
zh_CN|泰国_北碧|北碧
zh_CN|泰国_碧差汶|碧差汶
zh_CN|泰国_博达伦|博达伦
zh_CN|泰国_北大年|北大年
zh_CN|泰国_北揽|北揽
zh_CN|泰国_北柳|北柳
zh_CN|泰国_北榄坡|北榄坡
zh_CN|泰国_巴蜀|巴蜀
zh_CN|泰国_巴吞他尼|巴吞他尼
zh_CN|泰国_巴真|巴真
zh_CN|泰国_猜那|猜那
zh_CN|泰国_春蓬|春蓬
zh_CN|泰国_春武里|春武里
zh_CN|泰国_程逸|程逸
zh_CN|泰国_猜也奔|猜也奔
zh_CN|泰国_达|达
zh_CN|泰国_大城|大城
zh_CN|泰国_董里|董里
zh_CN|泰国_达叻|达叻
zh_CN|泰国_佛丕|佛丕
zh_CN|泰国_佛统|佛统
zh_CN|泰国_甘烹碧|甘烹碧
zh_CN|泰国_华富里|华富里
zh_CN|泰国_红统|红统
zh_CN|泰国_加拉信|加拉信
zh_CN|泰国_甲米|甲米
zh_CN|泰国_尖竹汶|尖竹汶
zh_CN|泰国_孔敬|孔敬
zh_CN|泰国_黎|黎
zh_CN|泰国_廊开|廊开
zh_CN|泰国_洛坤|洛坤
zh_CN|泰国_廊莫那浦|廊莫那浦
zh_CN|泰国_拉农|拉农
zh_CN|泰国_叻丕|叻丕
zh_CN|泰国_罗勇|罗勇
zh_CN|泰国_黎逸|黎逸
zh_CN|泰国_龙仔厝|龙仔厝
zh_CN|泰国_莫达汉|莫达汉
zh_CN|泰国_曼谷|曼谷
zh_CN|泰国_玛哈沙拉堪|玛哈沙拉堪
zh_CN|泰国_难|难
zh_CN|泰国_南奔|南奔
zh_CN|泰国_那空那育|那空那育
zh_CN|泰国_那空帕农|那空帕农
zh_CN|泰国_暖武里|暖武里
zh_CN|泰国_帕|帕
zh_CN|泰国_普吉|普吉
zh_CN|泰国_披集|披集
zh_CN|泰国_彭世洛|彭世洛
zh_CN|泰国_帕尧|帕尧
zh_CN|泰国_攀牙|攀牙
zh_CN|泰国_清莱|清莱
zh_CN|泰国_清迈|清迈
zh_CN|泰国_沙敦|沙敦
zh_CN|泰国_色军|色军
zh_CN|泰国_沙缴|沙缴
zh_CN|泰国_素可泰|素可泰
zh_CN|泰国_素林|素林
zh_CN|泰国_素叻|素叻
zh_CN|泰国_素攀武里|素攀武里
zh_CN|泰国_宋卡|宋卡
zh_CN|泰国_四色菊|四色菊
zh_CN|泰国_陶公|陶公
zh_CN|泰国_乌隆|乌隆
zh_CN|泰国_武里南|武里南
zh_CN|泰国_乌泰他尼|乌泰他尼
zh_CN|泰国_乌汶|乌汶
zh_CN|泰国_信武里|信武里
zh_CN|泰国_夜丰颂|夜丰颂
zh_CN|泰国_夜功|夜功
zh_CN|泰国_也拉|也拉
zh_CN|泰国_耶梭通|耶梭通
zh_CN|汤加|汤加
zh_CN|塔吉克斯坦|塔吉克斯坦
zh_CN|特立尼达和多巴哥|特立尼达和多巴哥
zh_CN|坦桑尼亚|坦桑尼亚
zh_CN|危地马拉|危地马拉
zh_CN|乌干达|乌干达
zh_CN|乌克兰|乌克兰
zh_CN|乌克兰_敖德萨|敖德萨
zh_CN|乌克兰_波尔塔瓦|波尔塔瓦
zh_CN|乌克兰_第聂伯罗波得罗夫斯克|第聂伯罗波得罗夫斯克
zh_CN|乌克兰_顿涅茨克|顿涅茨克
zh_CN|乌克兰_哈尔科夫|哈尔科夫
zh_CN|乌克兰_赫尔松州|赫尔松州
zh_CN|乌克兰_赫梅利尼茨基|赫梅利尼茨基
zh_CN|乌克兰_捷尔诺波尔|捷尔诺波尔
zh_CN|乌克兰_基辅|基辅
zh_CN|乌克兰_基洛夫格勒|基洛夫格勒
zh_CN|乌克兰_克里米亚自治共和国|克里米亚自治共和国
zh_CN|乌克兰_罗夫诺|罗夫诺
zh_CN|乌克兰_卢甘斯克|卢甘斯克
zh_CN|乌克兰_利沃夫|利沃夫
zh_CN|乌克兰_尼古拉耶夫|尼古拉耶夫
zh_CN|乌克兰_切尔诺夫策|切尔诺夫策
zh_CN|乌克兰_切尔尼戈夫|切尔尼戈夫
zh_CN|乌克兰_切尔卡瑟|切尔卡瑟
zh_CN|乌克兰_日托米尔|日托米尔
zh_CN|乌克兰_苏梅|苏梅
zh_CN|乌克兰_外喀尔巴阡|外喀尔巴阡
zh_CN|乌克兰_沃伦|沃伦
zh_CN|乌克兰_文尼察|文尼察
zh_CN|乌克兰_伊万-弗兰科夫州|伊万-弗兰科夫州
zh_CN|乌克兰_扎波罗热|扎波罗热
zh_CN|文莱|文莱
zh_CN|乌拉圭|乌拉圭
zh_CN|瓦努阿图|瓦努阿图
zh_CN|委内瑞拉|委内瑞拉
zh_CN|委内瑞拉_阿拉瓜|阿拉瓜
zh_CN|委内瑞拉_阿马库罗三角洲|阿马库罗三角洲
zh_CN|委内瑞拉_阿普雷|阿普雷
zh_CN|委内瑞拉_安索阿特吉|安索阿特吉
zh_CN|委内瑞拉_巴里纳斯|巴里纳斯
zh_CN|委内瑞拉_玻利瓦尔|玻利瓦尔
zh_CN|委内瑞拉_波图格萨|波图格萨
zh_CN|委内瑞拉_法尔孔|法尔孔
zh_CN|委内瑞拉_瓜里科|瓜里科
zh_CN|委内瑞拉_加拉加斯|加拉加斯
zh_CN|委内瑞拉_科赫德斯|科赫德斯
zh_CN|委内瑞拉_联邦属地|联邦属地
zh_CN|委内瑞拉_拉腊|拉腊
zh_CN|委内瑞拉_米兰达|米兰达
zh_CN|委内瑞拉_梅里达|梅里达
zh_CN|委内瑞拉_莫纳加斯|莫纳加斯
zh_CN|委内瑞拉_卡拉沃沃|卡拉沃沃
zh_CN|委内瑞拉_苏克雷|苏克雷
zh_CN|委内瑞拉_苏利亚|苏利亚
zh_CN|委内瑞拉_特鲁希略|特鲁希略
zh_CN|委内瑞拉_塔奇拉|塔奇拉
zh_CN|委内瑞拉_新埃斯帕塔|新埃斯帕塔
zh_CN|委内瑞拉_亚拉奎|亚拉奎
zh_CN|委内瑞拉_亚马孙|亚马孙
zh_CN|乌兹别克斯坦|乌兹别克斯坦
zh_CN|西班牙|西班牙
zh_CN|西班牙_阿尔梅里亚|阿尔梅里亚
zh_CN|西班牙_阿尔瓦塞特|阿尔瓦塞特
zh_CN|西班牙_阿利坎特|阿利坎特
zh_CN|西班牙_奥伦塞|奥伦塞
zh_CN|西班牙_阿拉瓦|阿拉瓦
zh_CN|西班牙_阿斯图利亚斯|阿斯图利亚斯
zh_CN|西班牙_阿维拉|阿维拉
zh_CN|西班牙_巴达霍斯|巴达霍斯
zh_CN|西班牙_布尔戈斯|布尔戈斯
zh_CN|西班牙_巴利阿里|巴利阿里
zh_CN|西班牙_巴伦西亚|巴伦西亚
zh_CN|西班牙_巴利亚多利德|巴利亚多利德
zh_CN|西班牙_比斯开|比斯开
zh_CN|西班牙_巴塞罗那|巴塞罗那
zh_CN|西班牙_瓜达拉哈拉|瓜达拉哈拉
zh_CN|西班牙_格拉纳达|格拉纳达
zh_CN|西班牙_哈恩|哈恩
zh_CN|西班牙_赫罗纳|赫罗纳
zh_CN|西班牙_加的斯|加的斯
zh_CN|西班牙_吉普斯夸|吉普斯夸
zh_CN|西班牙_科尔多瓦|科尔多瓦
zh_CN|西班牙_昆卡|昆卡
zh_CN|西班牙_莱昂|莱昂
zh_CN|西班牙_雷阿尔城|雷阿尔城
zh_CN|西班牙_卢戈|卢戈
zh_CN|西班牙_拉科鲁尼亚|拉科鲁尼亚
zh_CN|西班牙_拉里奥哈|拉里奥哈
zh_CN|西班牙_莱里达|莱里达
zh_CN|西班牙_拉斯帕尔马斯|拉斯帕尔马斯
zh_CN|西班牙_马德里|马德里
zh_CN|西班牙_穆尔西亚|穆尔西亚
zh_CN|西班牙_马拉加|马拉加
zh_CN|西班牙_纳瓦拉|纳瓦拉
zh_CN|西班牙_帕伦西亚|帕伦西亚
zh_CN|西班牙_蓬特韦德拉|蓬特韦德拉
zh_CN|西班牙_卡塞雷斯|卡塞雷斯
zh_CN|西班牙_卡斯特利翁|卡斯特利翁
zh_CN|西班牙_塞哥维亚|塞哥维亚
zh_CN|西班牙_圣克鲁斯-德特内里费|圣克鲁斯-德特内里费
zh_CN|西班牙_萨拉戈萨|萨拉戈萨
zh_CN|西班牙_萨拉曼卡|萨拉曼卡
zh_CN|西班牙_索里亚|索里亚
zh_CN|西班牙_萨莫拉|萨莫拉
zh_CN|西班牙_桑坦德|桑坦德
zh_CN|西班牙_塞维利亚|塞维利亚
zh_CN|西班牙_特鲁埃尔|特鲁埃尔
zh_CN|西班牙_托莱多|托莱多
zh_CN|西班牙_塔拉戈纳|塔拉戈纳
zh_CN|西班牙_韦尔瓦|韦尔瓦
zh_CN|西班牙_韦斯卡|韦斯卡
zh_CN|新加坡|新加坡
zh_CN|新喀里多尼亚|新喀里多尼亚
zh_CN|希腊|希腊
zh_CN|新西兰|新西兰
zh_CN|新西兰_奥克兰|奥克兰
zh_CN|新西兰_北岸|北岸
zh_CN|新西兰_布莱尼姆|布莱尼姆
zh_CN|新西兰_北帕默斯顿|北帕默斯顿
zh_CN|新西兰_北远|北远
zh_CN|新西兰_达尼丁|达尼丁
zh_CN|新西兰_格雷茅斯|格雷茅斯
zh_CN|新西兰_哈密尔顿|哈密尔顿
zh_CN|新西兰_黑斯廷斯|黑斯廷斯
zh_CN|新西兰_怀塔科拉|怀塔科拉
zh_CN|新西兰_吉斯伯恩|吉斯伯恩
zh_CN|新西兰_克赖斯特彻奇|克赖斯特彻奇
zh_CN|新西兰_凯帕拉|凯帕拉
zh_CN|新西兰_里士满|里士满
zh_CN|新西兰_马努考|马努考
zh_CN|新西兰_纳尔逊|纳尔逊
zh_CN|新西兰_内皮尔|内皮尔
zh_CN|新西兰_斯特拉特福德|斯特拉特福德
zh_CN|新西兰_陶马鲁努伊|陶马鲁努伊
zh_CN|新西兰_旺阿雷|旺阿雷
zh_CN|新西兰_旺格努伊|旺格努伊
zh_CN|新西兰_瓦卡塔尼|瓦卡塔尼
zh_CN|新西兰_新普利茅斯|新普利茅斯
zh_CN|新西兰_因弗卡吉尔|因弗卡吉尔
zh_CN|匈牙利|匈牙利
zh_CN|匈牙利_布达佩斯|布达佩斯
zh_CN|匈牙利_包尔绍德-奥包乌伊-曾普伦|包尔绍德-奥包乌伊-曾普伦
zh_CN|匈牙利_贝凯什|贝凯什
zh_CN|匈牙利_巴兰尼亚|巴兰尼亚
zh_CN|匈牙利_巴奇-基什孔|巴奇-基什孔
zh_CN|匈牙利_费耶尔|费耶尔
zh_CN|匈牙利_赫维什|赫维什
zh_CN|匈牙利_豪伊杜-比豪尔|豪伊杜-比豪尔
zh_CN|匈牙利_杰尔-莫松-肖普朗|杰尔-莫松-肖普朗
zh_CN|匈牙利_加兹-纳杰孔-索尔诺克|加兹-纳杰孔-索尔诺克
zh_CN|匈牙利_科马罗姆|科马罗姆
zh_CN|匈牙利_诺格拉德|诺格拉德
zh_CN|匈牙利_佩斯|佩斯
zh_CN|匈牙利_琼格拉德|琼格拉德
zh_CN|匈牙利_索博尔奇-索特马尔-贝拉格|索博尔奇-索特马尔-贝拉格
zh_CN|匈牙利_绍莫吉|绍莫吉
zh_CN|匈牙利_托尔瑙|托尔瑙
zh_CN|匈牙利_沃什|沃什
zh_CN|匈牙利_维斯普雷姆|维斯普雷姆
zh_CN|匈牙利_佐洛|佐洛
zh_CN|约旦|约旦
zh_CN|印度|印度
zh_CN|印度_阿格拉|阿格拉
zh_CN|印度_艾哈迈达巴德|艾哈迈达巴德
zh_CN|印度_阿加尔塔拉|阿加尔塔拉
zh_CN|印度_阿里格尔|阿里格尔
zh_CN|印度_阿拉哈巴德|阿拉哈巴德
zh_CN|印度_奥兰加巴德|奥兰加巴德
zh_CN|印度_阿姆利则|阿姆利则
zh_CN|印度_艾藻尔|艾藻尔
zh_CN|印度_布巴内斯瓦尔|布巴内斯瓦尔
zh_CN|印度_本地治里|本地治里
zh_CN|印度_班加罗尔|班加罗尔
zh_CN|印度_巴罗达|巴罗达
zh_CN|印度_邦纳西克|邦纳西克
zh_CN|印度_博帕尔|博帕尔
zh_CN|印度_波卡罗|波卡罗
zh_CN|印度_巴特那|巴特那
zh_CN|印度_昌迪加尔|昌迪加尔
zh_CN|印度_查谟|查谟
zh_CN|印度_杜加浦|杜加浦
zh_CN|印度_德拉敦|德拉敦
zh_CN|印度_蒂鲁吉拉伯利|蒂鲁吉拉伯利
zh_CN|印度_迪马普尔|迪马普尔
zh_CN|印度_法里达巴德|法里达巴德
zh_CN|印度_果阿|果阿
zh_CN|印度_甘地讷格尔|甘地讷格尔
zh_CN|印度_戈尔|戈尔
zh_CN|印度_古尔加翁|古尔加翁
zh_CN|印度_瓜廖尔|瓜廖尔
zh_CN|印度_古瓦哈提|古瓦哈提
zh_CN|印度_哥印拜陀|哥印拜陀
zh_CN|印度_海德拉巴|海德拉巴
zh_CN|印度_贾巴尔普尔|贾巴尔普尔
zh_CN|印度_加尔各答|加尔各答
zh_CN|印度_加济阿巴德|加济阿巴德
zh_CN|印度_贾朗达尔|贾朗达尔
zh_CN|印度_贾姆纳格尔|贾姆纳格尔
zh_CN|印度_金奈|金奈
zh_CN|印度_焦特布尔|焦特布尔
zh_CN|印度_坎普尔|坎普尔
zh_CN|印度_科钦|科钦
zh_CN|印度_克塔克|克塔克
zh_CN|印度_赖布尔|赖布尔
zh_CN|印度_卢迪亚纳|卢迪亚纳
zh_CN|印度_鲁尔克拉|鲁尔克拉
zh_CN|印度_拉杰果德|拉杰果德
zh_CN|印度_勒克瑙|勒克瑙
zh_CN|印度_兰契|兰契
zh_CN|印度_马杜赖|马杜赖
zh_CN|印度_马尔高|马尔高
zh_CN|印度_芒格洛尔|芒格洛尔
zh_CN|印度_孟买|孟买
zh_CN|印度_迈索尔|迈索尔
zh_CN|印度_那格浦尔|那格浦尔
zh_CN|印度_诺伊达|诺伊达
zh_CN|印度_潘吉姆|潘吉姆
zh_CN|印度_浦那|浦那
zh_CN|印度_維沙哈巴南|維沙哈巴南
zh_CN|印度_塞康德拉巴德|塞康德拉巴德
zh_CN|印度_苏拉|苏拉
zh_CN|印度_塞勒姆|塞勒姆
zh_CN|印度_斯利那加|斯利那加
zh_CN|印度_特里凡得琅|特里凡得琅
zh_CN|印度_塔那|塔那
zh_CN|印度_乌代布尔|乌代布尔
zh_CN|印度_维杰亚瓦达|维杰亚瓦达
zh_CN|印度_韦洛尔|韦洛尔
zh_CN|印度_瓦拉纳西|瓦拉纳西
zh_CN|印度_新德里|新德里
zh_CN|印度_西隆|西隆
zh_CN|印度_西里古里|西里古里
zh_CN|印度_印多尔|印多尔
zh_CN|印度_因帕尔|因帕尔
zh_CN|印度_斋普尔|斋普尔
zh_CN|印度_詹谢普尔|詹谢普尔
zh_CN|意大利|意大利
zh_CN|意大利_奥尔比亚|奥尔比亚
zh_CN|意大利_阿格里真托|阿格里真托
zh_CN|意大利_安科纳|安科纳
zh_CN|意大利_奥里斯塔诺|奥里斯塔诺
zh_CN|意大利_阿雷佐|阿雷佐
zh_CN|意大利_阿斯蒂|阿斯蒂
zh_CN|意大利_阿斯科利皮切诺|阿斯科利皮切诺
zh_CN|意大利_奥斯塔|奥斯塔
zh_CN|意大利_波代诺内|波代诺内
zh_CN|意大利_博尔扎诺|博尔扎诺
zh_CN|意大利_贝加莫|贝加莫
zh_CN|意大利_巴里|巴里
zh_CN|意大利_布拉|布拉
zh_CN|意大利_布林迪西|布林迪西
zh_CN|意大利_巴勒莫|巴勒莫
zh_CN|意大利_贝卢诺|贝卢诺
zh_CN|意大利_博洛尼亚|博洛尼亚
zh_CN|意大利_巴列塔-安德里亚-特拉尼|巴列塔-安德里亚-特拉尼
zh_CN|意大利_布雷西亚|布雷西亚
zh_CN|意大利_贝内文托|贝内文托
zh_CN|意大利_比萨|比萨
zh_CN|意大利_波坦察|波坦察
zh_CN|意大利_都灵|都灵
zh_CN|意大利_的里雅斯特|的里雅斯特
zh_CN|意大利_恩纳|恩纳
zh_CN|意大利_费尔莫|费尔莫
zh_CN|意大利_福贾|福贾
zh_CN|意大利_弗利-切塞纳|弗利-切塞纳
zh_CN|意大利_费拉拉|费拉拉
zh_CN|意大利_佛罗伦萨|佛罗伦萨
zh_CN|意大利_费辛隆尼|费辛隆尼
zh_CN|意大利_戈里齐亚|戈里齐亚
zh_CN|意大利_格罗塞托|格罗塞托
zh_CN|意大利_基耶蒂|基耶蒂
zh_CN|意大利_坎波巴索|坎波巴索
zh_CN|意大利_克罗托内|克罗托内
zh_CN|意大利_科摩|科摩
zh_CN|意大利_库内奥|库内奥
zh_CN|意大利_科森扎|科森扎
zh_CN|意大利_拉丁|拉丁
zh_CN|意大利_洛迪|洛迪
zh_CN|意大利_列蒂|列蒂
zh_CN|意大利_伦蒂亚|伦蒂亚
zh_CN|意大利_拉古萨|拉古萨
zh_CN|意大利_雷焦艾米利亚|雷焦艾米利亚
zh_CN|意大利_雷焦卡拉布里亚|雷焦卡拉布里亚
zh_CN|意大利_莱科|莱科
zh_CN|意大利_拉奎拉|拉奎拉
zh_CN|意大利_罗马|罗马
zh_CN|意大利_里米尼|里米尼
zh_CN|意大利_卢卡|卢卡
zh_CN|意大利_莱切|莱切
zh_CN|意大利_拉斯佩齐亚|拉斯佩齐亚
zh_CN|意大利_罗维戈|罗维戈
zh_CN|意大利_拉文纳|拉文纳
zh_CN|意大利_里窝那|里窝那
zh_CN|意大利_摩德纳|摩德纳
zh_CN|意大利_米兰|米兰
zh_CN|意大利_马切拉塔|马切拉塔
zh_CN|意大利_马萨|马萨
zh_CN|意大利_马泰拉|马泰拉
zh_CN|意大利_曼图亚|曼图亚
zh_CN|意大利_墨西拿|墨西拿
zh_CN|意大利_蒙扎|蒙扎
zh_CN|意大利_努奥罗|努奥罗
zh_CN|意大利_那不勒斯|那不勒斯
zh_CN|意大利_诺瓦拉|诺瓦拉
zh_CN|意大利_帕多瓦|帕多瓦
zh_CN|意大利_帕尔马|帕尔马
zh_CN|意大利_佩鲁贾|佩鲁贾
zh_CN|意大利_普拉托|普拉托
zh_CN|意大利_佩萨罗|佩萨罗
zh_CN|意大利_佩斯卡拉|佩斯卡拉
zh_CN|意大利_皮斯托亚|皮斯托亚
zh_CN|意大利_帕维亚|帕维亚
zh_CN|意大利_皮亚琴察|皮亚琴察
zh_CN|意大利_卡博尼亚-伊格莱西亚斯|卡博尼亚-伊格莱西亚斯
zh_CN|意大利_卡利亚里|卡利亚里
zh_CN|意大利_卡塞塔|卡塞塔
zh_CN|意大利_卡塔尼亚|卡塔尼亚
zh_CN|意大利_卡坦扎罗|卡坦扎罗
zh_CN|意大利_热那亚|热那亚
zh_CN|意大利_松德里奥|松德里奥
zh_CN|意大利_萨莱诺|萨莱诺
zh_CN|意大利_萨萨里|萨萨里
zh_CN|意大利_萨沃纳|萨沃纳
zh_CN|意大利_特尔尼|特尔尼
zh_CN|意大利_泰拉莫|泰拉莫
zh_CN|意大利_特拉帕尼|特拉帕尼
zh_CN|意大利_特伦托|特伦托
zh_CN|意大利_塔兰托|塔兰托
zh_CN|意大利_特雷维索|特雷维索
zh_CN|意大利_韦巴诺-库西奥-奥索拉|韦巴诺-库西奥-奥索拉
zh_CN|意大利_乌迪内|乌迪内
zh_CN|意大利_韦尔切利|韦尔切利
zh_CN|意大利_维罗纳|维罗纳
zh_CN|意大利_瓦雷泽|瓦雷泽
zh_CN|意大利_威尼斯|威尼斯
zh_CN|意大利_维琴察|维琴察
zh_CN|意大利_维泰博|维泰博
zh_CN|意大利_锡拉库扎|锡拉库扎
zh_CN|意大利_锡耶纳|锡耶纳
zh_CN|意大利_亚历山德里亚|亚历山德里亚
zh_CN|意大利_因佩里亚|因佩里亚
zh_CN|意大利_伊塞尔尼亚|伊塞尔尼亚
zh_CN|印度尼西亚|印度尼西亚
zh_CN|印度尼西亚_邦加-勿里洞群岛|邦加-勿里洞群岛
zh_CN|印度尼西亚_巴厘|巴厘
zh_CN|印度尼西亚_北苏拉威西|北苏拉威西
zh_CN|印度尼西亚_北苏门答腊|北苏门答腊
zh_CN|印度尼西亚_东加里曼丹|东加里曼丹
zh_CN|印度尼西亚_东努沙登加拉|东努沙登加拉
zh_CN|印度尼西亚_东南苏拉威西|东南苏拉威西
zh_CN|印度尼西亚_大雅加达首都特区|大雅加达首都特区
zh_CN|印度尼西亚_东爪哇|东爪哇
zh_CN|印度尼西亚_廖内|廖内
zh_CN|印度尼西亚_明古鲁|明古鲁
zh_CN|印度尼西亚_马鲁古|马鲁古
zh_CN|印度尼西亚_楠榜|楠榜
zh_CN|印度尼西亚_南加里曼丹|南加里曼丹
zh_CN|印度尼西亚_南苏拉威西|南苏拉威西
zh_CN|印度尼西亚_南苏门答腊|南苏门答腊
zh_CN|印度尼西亚_日惹特区|日惹特区
zh_CN|印度尼西亚_万丹|万丹
zh_CN|印度尼西亚_西努沙登加拉|西努沙登加拉
zh_CN|印度尼西亚_西苏门答腊|西苏门答腊
zh_CN|印度尼西亚_西爪哇|西爪哇
zh_CN|印度尼西亚_雅加达|雅加达
zh_CN|印度尼西亚_伊里安查亚|伊里安查亚
zh_CN|印度尼西亚_亚齐|亚齐
zh_CN|印度尼西亚_占碑|占碑
zh_CN|印度尼西亚_中加里曼丹|中加里曼丹
zh_CN|印度尼西亚_中苏拉威西|中苏拉威西
zh_CN|印度尼西亚_中爪哇|中爪哇
zh_CN|英国|英国
zh_CN|英国_北爱尔兰|北爱尔兰
zh_CN|英国_北爱尔兰_贝尔法斯特|贝尔法斯特
zh_CN|英国_北爱尔兰_德里|德里
zh_CN|英国_北爱尔兰_利斯本|利斯本
zh_CN|英国_北爱尔兰_纽里|纽里
zh_CN|英国_苏格兰|苏格兰
zh_CN|英国_苏格兰_阿伯丁|阿伯丁
zh_CN|英国_苏格兰_爱丁堡|爱丁堡
zh_CN|英国_苏格兰_丹迪|丹迪
zh_CN|英国_苏格兰_格拉斯哥|格拉斯哥
zh_CN|英国_苏格兰_斯特灵|斯特灵
zh_CN|英国_苏格兰_因弗内斯|因弗内斯
zh_CN|英国_威尔士|威尔士
zh_CN|英国_威尔士_班戈|班戈
zh_CN|英国_威尔士_纽波特|纽波特
zh_CN|英国_威尔士_卡迪夫|卡迪夫
zh_CN|英国_威尔士_斯旺西|斯旺西
zh_CN|英国_英格兰|英格兰
zh_CN|英国_英格兰_爱塞特|爱塞特
zh_CN|英国_英格兰_彼得伯勒|彼得伯勒
zh_CN|英国_英格兰_布拉德福德|布拉德福德
zh_CN|英国_英格兰_布莱顿霍夫|布莱顿霍夫
zh_CN|英国_英格兰_布里斯托尔|布里斯托尔
zh_CN|英国_英格兰_伯明翰|伯明翰
zh_CN|英国_英格兰_巴斯|巴斯
zh_CN|英国_英格兰_德比|德比
zh_CN|英国_英格兰_德罕|德罕
zh_CN|英国_英格兰_格洛斯特|格洛斯特
zh_CN|英国_英格兰_赫尔河畔京斯敦|赫尔河畔京斯敦
zh_CN|英国_英格兰_赫里福德|赫里福德
zh_CN|英国_英格兰_剑桥|剑桥
zh_CN|英国_英格兰_坎特伯雷|坎特伯雷
zh_CN|英国_英格兰_考文垂|考文垂
zh_CN|英国_英格兰_伦敦|伦敦
zh_CN|英国_英格兰_林肯|林肯
zh_CN|英国_英格兰_兰开斯特|兰开斯特
zh_CN|英国_英格兰_里彭|里彭
zh_CN|英国_英格兰_利奇菲尔德|利奇菲尔德
zh_CN|英国_英格兰_列斯特|列斯特
zh_CN|英国_英格兰_利物浦|利物浦
zh_CN|英国_英格兰_利茲|利茲
zh_CN|英国_英格兰_曼彻斯特|曼彻斯特
zh_CN|英国_英格兰_南安普敦|南安普敦
zh_CN|英国_英格兰_诺丁汉|诺丁汉
zh_CN|英国_英格兰_牛津|牛津
zh_CN|英国_英格兰_诺里奇|诺里奇
zh_CN|英国_英格兰_纽卡斯尔|纽卡斯尔
zh_CN|英国_英格兰_朴茨茅斯|朴茨茅斯
zh_CN|英国_英格兰_普利茅斯|普利茅斯
zh_CN|英国_英格兰_普雷斯顿|普雷斯顿
zh_CN|英国_英格兰_卡莱尔|卡莱尔
zh_CN|英国_英格兰_奇切斯特|奇切斯特
zh_CN|英国_英格兰_切斯特|切斯特
zh_CN|英国_英格兰_圣阿本斯|圣阿本斯
zh_CN|英国_英格兰_桑德兰|桑德兰
zh_CN|英国_英格兰_索尔斯堡|索尔斯堡
zh_CN|英国_英格兰_索福特|索福特
zh_CN|英国_英格兰_特鲁罗|特鲁罗
zh_CN|英国_英格兰_特伦特河畔斯多克|特伦特河畔斯多克
zh_CN|英国_英格兰_温彻斯特|温彻斯特
zh_CN|英国_英格兰_伍尔弗汉普顿|伍尔弗汉普顿
zh_CN|英国_英格兰_威尔斯|威尔斯
zh_CN|英国_英格兰_韦克菲尔德|韦克菲尔德
zh_CN|英国_英格兰_伍斯特|伍斯特
zh_CN|英国_英格兰_谢菲尔德|谢菲尔德
zh_CN|英国_英格兰_约克|约克
zh_CN|英国_英格兰_伊利|伊利
zh_CN|伊朗|伊朗
zh_CN|伊拉克|伊拉克
zh_CN|也门|也门
zh_CN|牙买加|牙买加
zh_CN|亚美尼亚|亚美尼亚
zh_CN|越南|越南
zh_CN|越南_海防|海防
zh_CN|越南_河内|河内
zh_CN|越南_胡志明市|胡志明市
zh_CN|以色列|以色列
zh_CN|直布罗陀|直布罗陀
zh_CN|赞比亚|赞比亚
zh_CN|中非共和国|中非共和国
zh_CN|中国|中国
zh_CN|中国_安徽|安徽
zh_CN|中国_安徽_安庆|安庆
zh_CN|中国_安徽_蚌埠|蚌埠
zh_CN|中国_安徽_亳州|亳州
zh_CN|中国_安徽_巢湖|巢湖
zh_CN|中国_安徽_池州|池州
zh_CN|中国_安徽_滁州|滁州
zh_CN|中国_安徽_阜阳|阜阳
zh_CN|中国_安徽_淮北|淮北
zh_CN|中国_安徽_合肥|合肥
zh_CN|中国_安徽_淮南|淮南
zh_CN|中国_安徽_黄山|黄山
zh_CN|中国_安徽_六安|六安
zh_CN|中国_安徽_马鞍山|马鞍山
zh_CN|中国_安徽_宿州|宿州
zh_CN|中国_安徽_铜陵|铜陵
zh_CN|中国_安徽_芜湖|芜湖
zh_CN|中国_安徽_宣城|宣城
zh_CN|中国_澳门|澳门
zh_CN|中国_澳门_大堂区|大堂区
zh_CN|中国_澳门_氹仔|氹仔
zh_CN|中国_澳门_风顺堂区|风顺堂区
zh_CN|中国_澳门_花地玛堂区|花地玛堂区
zh_CN|中国_澳门_路环岛|路环岛
zh_CN|中国_澳门_圣安多尼堂区|圣安多尼堂区
zh_CN|中国_澳门_望德堂区|望德堂区
zh_CN|中国_北京|北京
zh_CN|中国_北京_昌平|昌平
zh_CN|中国_北京_朝阳|朝阳
zh_CN|中国_北京_东城|东城
zh_CN|中国_北京_大兴|大兴
zh_CN|中国_北京_房山|房山
zh_CN|中国_北京_丰台|丰台
zh_CN|中国_北京_海淀|海淀
zh_CN|中国_北京_怀柔|怀柔
zh_CN|中国_北京_门头沟|门头沟
zh_CN|中国_北京_密云|密云
zh_CN|中国_北京_平谷|平谷
zh_CN|中国_北京_石景山|石景山
zh_CN|中国_北京_顺义|顺义
zh_CN|中国_北京_通州|通州
zh_CN|中国_北京_西城|西城
zh_CN|中国_北京_延庆|延庆
zh_CN|中国_重庆|重庆
zh_CN|中国_重庆_北碚|北碚
zh_CN|中国_重庆_巴南|巴南
zh_CN|中国_重庆_璧山|璧山
zh_CN|中国_重庆_城口|城口
zh_CN|中国_重庆_长寿|长寿
zh_CN|中国_重庆_大渡口|大渡口
zh_CN|中国_重庆_垫江|垫江
zh_CN|中国_重庆_大足|大足
zh_CN|中国_重庆_丰都|丰都
zh_CN|中国_重庆_奉节|奉节
zh_CN|中国_重庆_涪陵|涪陵
zh_CN|中国_重庆_合川|合川
zh_CN|中国_重庆_江北|江北
zh_CN|中国_重庆_江津|江津
zh_CN|中国_重庆_九龙坡|九龙坡
zh_CN|中国_重庆_开县|开县
zh_CN|中国_重庆_两江新区|两江新区
zh_CN|中国_重庆_梁平|梁平
zh_CN|中国_重庆_南岸|南岸
zh_CN|中国_重庆_南川|南川
zh_CN|中国_重庆_彭水|彭水
zh_CN|中国_重庆_綦江|綦江
zh_CN|中国_重庆_黔江|黔江
zh_CN|中国_重庆_荣昌|荣昌
zh_CN|中国_重庆_沙坪坝|沙坪坝
zh_CN|中国_重庆_双桥|双桥
zh_CN|中国_重庆_石柱|石柱
zh_CN|中国_重庆_铜梁|铜梁
zh_CN|中国_重庆_潼南|潼南
zh_CN|中国_重庆_武隆|武隆
zh_CN|中国_重庆_万盛|万盛
zh_CN|中国_重庆_巫山|巫山
zh_CN|中国_重庆_巫溪|巫溪
zh_CN|中国_重庆_万州|万州
zh_CN|中国_重庆_秀山|秀山
zh_CN|中国_重庆_渝北|渝北
zh_CN|中国_重庆_永川|永川
zh_CN|中国_重庆_云阳|云阳
zh_CN|中国_重庆_酉阳|酉阳
zh_CN|中国_重庆_渝中|渝中
zh_CN|中国_重庆_忠县|忠县
zh_CN|中国_福建|福建
zh_CN|中国_福建_福州|福州
zh_CN|中国_福建_龙岩|龙岩
zh_CN|中国_福建_宁德|宁德
zh_CN|中国_福建_南平|南平
zh_CN|中国_福建_莆田|莆田
zh_CN|中国_福建_泉州|泉州
zh_CN|中国_福建_三明|三明
zh_CN|中国_福建_厦门|厦门
zh_CN|中国_福建_漳州|漳州
zh_CN|中国_广东|广东
zh_CN|中国_广东_潮州|潮州
zh_CN|中国_广东_东莞|东莞
zh_CN|中国_广东_佛山|佛山
zh_CN|中国_广东_广州|广州
zh_CN|中国_广东_河源|河源
zh_CN|中国_广东_惠州|惠州
zh_CN|中国_广东_江门|江门
zh_CN|中国_广东_揭阳|揭阳
zh_CN|中国_广东_茂名|茂名
zh_CN|中国_广东_梅州|梅州
zh_CN|中国_广东_清远|清远
zh_CN|中国_广东_韶关|韶关
zh_CN|中国_广东_汕头|汕头
zh_CN|中国_广东_汕尾|汕尾
zh_CN|中国_广东_深圳|深圳
zh_CN|中国_广东_云浮|云浮
zh_CN|中国_广东_阳江|阳江
zh_CN|中国_广东_珠海|珠海
zh_CN|中国_广东_湛江|湛江
zh_CN|中国_广东_肇庆|肇庆
zh_CN|中国_广东_中山|中山
zh_CN|中国_甘肃|甘肃
zh_CN|中国_甘肃_白银|白银
zh_CN|中国_甘肃_定西|定西
zh_CN|中国_甘肃_甘南|甘南
zh_CN|中国_甘肃_金昌|金昌
zh_CN|中国_甘肃_酒泉|酒泉
zh_CN|中国_甘肃_嘉峪关|嘉峪关
zh_CN|中国_甘肃_陇南|陇南
zh_CN|中国_甘肃_临夏|临夏
zh_CN|中国_甘肃_兰州市|兰州市
zh_CN|中国_甘肃_平凉|平凉
zh_CN|中国_甘肃_庆阳|庆阳
zh_CN|中国_甘肃_天水|天水
zh_CN|中国_甘肃_武威|武威
zh_CN|中国_甘肃_张掖|张掖
zh_CN|中国_广西|广西
zh_CN|中国_广西_北海|北海
zh_CN|中国_广西_百色|百色
zh_CN|中国_广西_崇左|崇左
zh_CN|中国_广西_防城港|防城港
zh_CN|中国_广西_贵港|贵港
zh_CN|中国_广西_桂林|桂林
zh_CN|中国_广西_河池|河池
zh_CN|中国_广西_贺州|贺州
zh_CN|中国_广西_来宾|来宾
zh_CN|中国_广西_柳州|柳州
zh_CN|中国_广西_南宁|南宁
zh_CN|中国_广西_钦州|钦州
zh_CN|中国_广西_梧州|梧州
zh_CN|中国_广西_玉林|玉林
zh_CN|中国_贵州|贵州
zh_CN|中国_贵州_安顺|安顺
zh_CN|中国_贵州_毕节|毕节
zh_CN|中国_贵州_贵阳|贵阳
zh_CN|中国_贵州_六盘水|六盘水
zh_CN|中国_贵州_黔东南|黔东南
zh_CN|中国_贵州_黔南|黔南
zh_CN|中国_贵州_黔西南|黔西南
zh_CN|中国_贵州_铜仁|铜仁
zh_CN|中国_贵州_遵义|遵义
zh_CN|中国_湖北|湖北
zh_CN|中国_湖北_恩施|恩施
zh_CN|中国_湖北_鄂州|鄂州
zh_CN|中国_湖北_黄冈|黄冈
zh_CN|中国_湖北_黄石|黄石
zh_CN|中国_湖北_荆门|荆门
zh_CN|中国_湖北_荆州|荆州
zh_CN|中国_湖北_潜江|潜江
zh_CN|中国_湖北_神农架|神农架
zh_CN|中国_湖北_十堰|十堰
zh_CN|中国_湖北_随州|随州
zh_CN|中国_湖北_天门|天门
zh_CN|中国_湖北_武汉|武汉
zh_CN|中国_湖北_孝感|孝感
zh_CN|中国_湖北_咸宁|咸宁
zh_CN|中国_湖北_仙桃|仙桃
zh_CN|中国_湖北_襄阳|襄阳
zh_CN|中国_湖北_宜昌|宜昌
zh_CN|中国_河北|河北
zh_CN|中国_河北_保定|保定
zh_CN|中国_河北_承德|承德
zh_CN|中国_河北_沧州|沧州
zh_CN|中国_河北_邯郸|邯郸
zh_CN|中国_河北_衡水|衡水
zh_CN|中国_河北_廊坊|廊坊
zh_CN|中国_河北_秦皇岛|秦皇岛
zh_CN|中国_河北_石家庄|石家庄
zh_CN|中国_河北_唐山|唐山
zh_CN|中国_河北_邢台|邢台
zh_CN|中国_河北_雄安新区|雄安新区
zh_CN|中国_河北_张家口|张家口
zh_CN|中国_黑龙江|黑龙江
zh_CN|中国_黑龙江_大庆|大庆
zh_CN|中国_黑龙江_大兴安岭|大兴安岭
zh_CN|中国_黑龙江_哈尔滨|哈尔滨
zh_CN|中国_黑龙江_鹤岗|鹤岗
zh_CN|中国_黑龙江_黑河|黑河
zh_CN|中国_黑龙江_佳木斯|佳木斯
zh_CN|中国_黑龙江_鸡西|鸡西
zh_CN|中国_黑龙江_牡丹江|牡丹江
zh_CN|中国_黑龙江_齐齐哈尔|齐齐哈尔
zh_CN|中国_黑龙江_七台河|七台河
zh_CN|中国_黑龙江_绥化|绥化
zh_CN|中国_黑龙江_双鸭山|双鸭山
zh_CN|中国_黑龙江_伊春|伊春
zh_CN|中国_湖南|湖南
zh_CN|中国_湖南_常德|常德
zh_CN|中国_湖南_长沙|长沙
zh_CN|中国_湖南_郴州|郴州
zh_CN|中国_湖南_怀化|怀化
zh_CN|中国_湖南_衡阳|衡阳
zh_CN|中国_湖南_娄底|娄底
zh_CN|中国_湖南_邵阳|邵阳
zh_CN|中国_湖南_湘潭|湘潭
zh_CN|中国_湖南_湘西|湘西
zh_CN|中国_湖南_益阳|益阳
zh_CN|中国_湖南_岳阳|岳阳
zh_CN|中国_湖南_永州|永州
zh_CN|中国_湖南_张家界|张家界
zh_CN|中国_湖南_株洲|株洲
zh_CN|中国_河南|河南
zh_CN|中国_河南_安阳|安阳
zh_CN|中国_河南_鹤壁|鹤壁
zh_CN|中国_河南_济源|济源
zh_CN|中国_河南_焦作|焦作
zh_CN|中国_河南_开封|开封
zh_CN|中国_河南_漯河|漯河
zh_CN|中国_河南_洛阳|洛阳
zh_CN|中国_河南_南阳|南阳
zh_CN|中国_河南_平顶山|平顶山
zh_CN|中国_河南_濮阳|濮阳
zh_CN|中国_河南_三门峡|三门峡
zh_CN|中国_河南_商丘|商丘
zh_CN|中国_河南_许昌|许昌
zh_CN|中国_河南_新乡|新乡
zh_CN|中国_河南_信阳|信阳
zh_CN|中国_河南_周口|周口
zh_CN|中国_河南_驻马店|驻马店
zh_CN|中国_河南_郑州|郑州
zh_CN|中国_海南|海南
zh_CN|中国_海南_白沙|白沙
zh_CN|中国_海南_保亭|保亭
zh_CN|中国_海南_昌江|昌江
zh_CN|中国_海南_澄迈|澄迈
zh_CN|中国_海南_定安|定安
zh_CN|中国_海南_东方|东方
zh_CN|中国_海南_儋州|儋州
zh_CN|中国_海南_海口|海口
zh_CN|中国_海南_乐东|乐东
zh_CN|中国_海南_临高|临高
zh_CN|中国_海南_陵水|陵水
zh_CN|中国_海南_南沙|南沙
zh_CN|中国_海南_琼海|琼海
zh_CN|中国_海南_琼中|琼中
zh_CN|中国_海南_三亚|三亚
zh_CN|中国_海南_屯昌|屯昌
zh_CN|中国_海南_文昌|文昌
zh_CN|中国_海南_万宁|万宁
zh_CN|中国_海南_五指山|五指山
zh_CN|中国_海南_西沙|西沙
zh_CN|中国_海南_中沙|中沙
zh_CN|中国_吉林|吉林
zh_CN|中国_吉林_白城|白城
zh_CN|中国_吉林_白山|白山
zh_CN|中国_吉林_长春|长春
zh_CN|中国_吉林_吉林|吉林
zh_CN|中国_吉林_辽源|辽源
zh_CN|中国_吉林_四平|四平
zh_CN|中国_吉林_松原|松原
zh_CN|中国_吉林_通化|通化
zh_CN|中国_吉林_延边|延边
zh_CN|中国_江苏|江苏
zh_CN|中国_江苏_常州|常州
zh_CN|中国_江苏_淮安|淮安
zh_CN|中国_江苏_连云港|连云港
zh_CN|中国_江苏_南京|南京
zh_CN|中国_江苏_南通|南通
zh_CN|中国_江苏_宿迁|宿迁
zh_CN|中国_江苏_苏州|苏州
zh_CN|中国_江苏_泰州|泰州
zh_CN|中国_江苏_无锡|无锡
zh_CN|中国_江苏_徐州|徐州
zh_CN|中国_江苏_盐城|盐城
zh_CN|中国_江苏_扬州|扬州
zh_CN|中国_江苏_镇江|镇江
zh_CN|中国_江西|江西
zh_CN|中国_江西_抚州|抚州
zh_CN|中国_江西_赣州|赣州
zh_CN|中国_江西_吉安|吉安
zh_CN|中国_江西_景德镇|景德镇
zh_CN|中国_江西_九江|九江
zh_CN|中国_江西_南昌|南昌
zh_CN|中国_江西_萍乡|萍乡
zh_CN|中国_江西_上饶|上饶
zh_CN|中国_江西_新余|新余
zh_CN|中国_江西_宜春|宜春
zh_CN|中国_江西_鹰潭|鹰潭
zh_CN|中国_辽宁|辽宁
zh_CN|中国_辽宁_鞍山|鞍山
zh_CN|中国_辽宁_本溪|本溪
zh_CN|中国_辽宁_朝阳|朝阳
zh_CN|中国_辽宁_丹东|丹东
zh_CN|中国_辽宁_大连|大连
zh_CN|中国_辽宁_抚顺|抚顺
zh_CN|中国_辽宁_阜新|阜新
zh_CN|中国_辽宁_葫芦岛|葫芦岛
zh_CN|中国_辽宁_锦州|锦州
zh_CN|中国_辽宁_辽阳|辽阳
zh_CN|中国_辽宁_盘锦|盘锦
zh_CN|中国_辽宁_沈阳|沈阳
zh_CN|中国_辽宁_铁岭|铁岭
zh_CN|中国_辽宁_营口|营口
zh_CN|中国_内蒙古|内蒙古
zh_CN|中国_内蒙古_阿拉善|阿拉善
zh_CN|中国_内蒙古_包头|包头
zh_CN|中国_内蒙古_巴彦淖尔|巴彦淖尔
zh_CN|中国_内蒙古_赤峰|赤峰
zh_CN|中国_内蒙古_鄂尔多斯|鄂尔多斯
zh_CN|中国_内蒙古_呼和浩特|呼和浩特
zh_CN|中国_内蒙古_呼伦贝尔|呼伦贝尔
zh_CN|中国_内蒙古_通辽|通辽
zh_CN|中国_内蒙古_乌海|乌海
zh_CN|中国_内蒙古_乌兰察布|乌兰察布
zh_CN|中国_内蒙古_兴安|兴安
zh_CN|中国_内蒙古_锡林郭勒|锡林郭勒
zh_CN|中国_宁夏|宁夏
zh_CN|中国_宁夏_固原|固原
zh_CN|中国_宁夏_石嘴山|石嘴山
zh_CN|中国_宁夏_吴忠|吴忠
zh_CN|中国_宁夏_银川|银川
zh_CN|中国_宁夏_中卫|中卫
zh_CN|中国_青海|青海
zh_CN|中国_青海_果洛|果洛
zh_CN|中国_青海_海北|海北
zh_CN|中国_青海_海东|海东
zh_CN|中国_青海_黄南|黄南
zh_CN|中国_青海_海南|海南
zh_CN|中国_青海_海西|海西
zh_CN|中国_青海_西宁|西宁
zh_CN|中国_青海_玉树|玉树
zh_CN|中国_四川|四川
zh_CN|中国_四川_阿坝|阿坝
zh_CN|中国_四川_巴中|巴中
zh_CN|中国_四川_成都|成都
zh_CN|中国_四川_德阳|德阳
zh_CN|中国_四川_达州|达州
zh_CN|中国_四川_广安|广安
zh_CN|中国_四川_广元|广元
zh_CN|中国_四川_甘孜|甘孜
zh_CN|中国_四川_凉山|凉山
zh_CN|中国_四川_乐山|乐山
zh_CN|中国_四川_泸州|泸州
zh_CN|中国_四川_眉山|眉山
zh_CN|中国_四川_绵阳|绵阳
zh_CN|中国_四川_南充|南充
zh_CN|中国_四川_内江|内江
zh_CN|中国_四川_攀枝花|攀枝花
zh_CN|中国_四川_遂宁|遂宁
zh_CN|中国_四川_雅安|雅安
zh_CN|中国_四川_宜宾|宜宾
zh_CN|中国_四川_自贡|自贡
zh_CN|中国_四川_资阳|资阳
zh_CN|中国_山东|山东
zh_CN|中国_山东_滨州|滨州
zh_CN|中国_山东_东营|东营
zh_CN|中国_山东_德州|德州
zh_CN|中国_山东_菏泽|菏泽
zh_CN|中国_山东_济南|济南
zh_CN|中国_山东_济宁|济宁
zh_CN|中国_山东_聊城|聊城
zh_CN|中国_山东_莱芜|莱芜
zh_CN|中国_山东_临沂|临沂
zh_CN|中国_山东_青岛|青岛
zh_CN|中国_山东_日照|日照
zh_CN|中国_山东_泰安|泰安
zh_CN|中国_山东_潍坊|潍坊
zh_CN|中国_山东_威海|威海
zh_CN|中国_山东_烟台|烟台
zh_CN|中国_山东_淄博|淄博
zh_CN|中国_山东_枣庄|枣庄
zh_CN|中国_上海|上海
zh_CN|中国_上海_宝山|宝山
zh_CN|中国_上海_崇明|崇明
zh_CN|中国_上海_长宁|长宁
zh_CN|中国_上海_奉贤|奉贤
zh_CN|中国_上海_虹口|虹口
zh_CN|中国_上海_黄浦|黄浦
zh_CN|中国_上海_静安|静安
zh_CN|中国_上海_嘉定|嘉定
zh_CN|中国_上海_金山|金山
zh_CN|中国_上海_卢湾|卢湾
zh_CN|中国_上海_闵行|闵行
zh_CN|中国_上海_浦东新区|浦东新区
zh_CN|中国_上海_普陀|普陀
zh_CN|中国_上海_青浦|青浦
zh_CN|中国_上海_松江|松江
zh_CN|中国_上海_徐汇|徐汇
zh_CN|中国_上海_杨浦|杨浦
zh_CN|中国_上海_闸北|闸北
zh_CN|中国_陕西|陕西
zh_CN|中国_陕西_安康|安康
zh_CN|中国_陕西_宝鸡|宝鸡
zh_CN|中国_陕西_汉中|汉中
zh_CN|中国_陕西_商洛|商洛
zh_CN|中国_陕西_铜川|铜川
zh_CN|中国_陕西_渭南|渭南
zh_CN|中国_陕西_西安|西安
zh_CN|中国_陕西_咸阳|咸阳
zh_CN|中国_陕西_延安|延安
zh_CN|中国_陕西_榆林|榆林
zh_CN|中国_山西|山西
zh_CN|中国_山西_长治|长治
zh_CN|中国_山西_大同|大同
zh_CN|中国_山西_晋城|晋城
zh_CN|中国_山西_晋中|晋中
zh_CN|中国_山西_临汾|临汾
zh_CN|中国_山西_吕梁|吕梁
zh_CN|中国_山西_朔州|朔州
zh_CN|中国_山西_太原|太原
zh_CN|中国_山西_忻州|忻州
zh_CN|中国_山西_运城|运城
zh_CN|中国_山西_阳泉|阳泉
zh_CN|中国_天津|天津
zh_CN|中国_天津_北辰|北辰
zh_CN|中国_天津_宝坻|宝坻
zh_CN|中国_天津_滨海新区|滨海新区
zh_CN|中国_天津_东丽|东丽
zh_CN|中国_天津_河北|河北
zh_CN|中国_天津_河东|河东
zh_CN|中国_天津_和平|和平
zh_CN|中国_天津_红桥|红桥
zh_CN|中国_天津_河西|河西
zh_CN|中国_天津_静海|静海
zh_CN|中国_天津_津南|津南
zh_CN|中国_天津_蓟县|蓟县
zh_CN|中国_天津_宁河|宁河
zh_CN|中国_天津_南开|南开
zh_CN|中国_天津_武清|武清
zh_CN|中国_天津_西青|西青
zh_CN|中国_台湾|台湾
zh_CN|中国_台湾_高雄市|高雄市
zh_CN|中国_台湾_花莲县|花莲县
zh_CN|中国_台湾_基隆市|基隆市
zh_CN|中国_台湾_金门县|金门县
zh_CN|中国_台湾_嘉义市|嘉义市
zh_CN|中国_台湾_嘉义县|嘉义县
zh_CN|中国_台湾_连江县|连江县
zh_CN|中国_台湾_苗栗县|苗栗县
zh_CN|中国_台湾_南投县|南投县
zh_CN|中国_台湾_屏东县|屏东县
zh_CN|中国_台湾_澎湖县|澎湖县
zh_CN|中国_台湾_台北市|台北市
zh_CN|中国_台湾_台东县|台东县
zh_CN|中国_台湾_台南市|台南市
zh_CN|中国_台湾_桃园县|桃园县
zh_CN|中国_台湾_台中市|台中市
zh_CN|中国_台湾_新北市|新北市
zh_CN|中国_台湾_新竹市|新竹市
zh_CN|中国_台湾_新竹县|新竹县
zh_CN|中国_台湾_云林县|云林县
zh_CN|中国_台湾_宜兰县|宜兰县
zh_CN|中国_台湾_彰化县|彰化县
zh_CN|中国_西藏|西藏
zh_CN|中国_西藏_阿里|阿里
zh_CN|中国_西藏_昌都|昌都
zh_CN|中国_西藏_拉萨|拉萨
zh_CN|中国_西藏_林芝|林芝
zh_CN|中国_西藏_那曲|那曲
zh_CN|中国_西藏_日喀则|日喀则
zh_CN|中国_西藏_山南|山南
zh_CN|中国_香港|香港
zh_CN|中国_香港_北区|北区
zh_CN|中国_香港_大埔区|大埔区
zh_CN|中国_香港_东区|东区
zh_CN|中国_香港_观塘区|观塘区
zh_CN|中国_香港_黄大仙区|黄大仙区
zh_CN|中国_香港_九龙城区|九龙城区
zh_CN|中国_香港_葵青区|葵青区
zh_CN|中国_香港_离岛区|离岛区
zh_CN|中国_香港_南区|南区
zh_CN|中国_香港_荃湾区|荃湾区
zh_CN|中国_香港_深水埗区|深水埗区
zh_CN|中国_香港_沙田区|沙田区
zh_CN|中国_香港_屯门区|屯门区
zh_CN|中国_香港_湾仔区|湾仔区
zh_CN|中国_香港_西贡区|西贡区
zh_CN|中国_香港_油尖旺区|油尖旺区
zh_CN|中国_香港_元朗区|元朗区
zh_CN|中国_香港_中西区|中西区
zh_CN|中国_新疆|新疆
zh_CN|中国_新疆_阿克苏|阿克苏
zh_CN|中国_新疆_阿拉尔|阿拉尔
zh_CN|中国_新疆_阿勒泰|阿勒泰
zh_CN|中国_新疆_博尔塔拉|博尔塔拉
zh_CN|中国_新疆_巴音郭楞|巴音郭楞
zh_CN|中国_新疆_昌吉|昌吉
zh_CN|中国_新疆_哈密|哈密
zh_CN|中国_新疆_和田|和田
zh_CN|中国_新疆_克拉玛依|克拉玛依
zh_CN|中国_新疆_喀什|喀什
zh_CN|中国_新疆_克孜勒苏|克孜勒苏
zh_CN|中国_新疆_石河子|石河子
zh_CN|中国_新疆_塔城|塔城
zh_CN|中国_新疆_吐鲁番|吐鲁番
zh_CN|中国_新疆_图木舒克|图木舒克
zh_CN|中国_新疆_五家渠|五家渠
zh_CN|中国_新疆_乌鲁木齐|乌鲁木齐
zh_CN|中国_新疆_伊犁|伊犁
zh_CN|中国_云南|云南
zh_CN|中国_云南_保山|保山
zh_CN|中国_云南_楚雄|楚雄
zh_CN|中国_云南_德宏|德宏
zh_CN|中国_云南_大理|大理
zh_CN|中国_云南_迪庆|迪庆
zh_CN|中国_云南_红河|红河
zh_CN|中国_云南_昆明|昆明
zh_CN|中国_云南_临沧|临沧
zh_CN|中国_云南_丽江|丽江
zh_CN|中国_云南_怒江|怒江
zh_CN|中国_云南_普洱|普洱
zh_CN|中国_云南_曲靖|曲靖
zh_CN|中国_云南_文山|文山
zh_CN|中国_云南_西双版纳|西双版纳
zh_CN|中国_云南_玉溪|玉溪
zh_CN|中国_云南_昭通|昭通
zh_CN|中国_浙江|浙江
zh_CN|中国_浙江_湖州|湖州
zh_CN|中国_浙江_杭州|杭州
zh_CN|中国_浙江_金华|金华
zh_CN|中国_浙江_嘉兴|嘉兴
zh_CN|中国_浙江_丽水|丽水
zh_CN|中国_浙江_宁波|宁波
zh_CN|中国_浙江_衢州|衢州
zh_CN|中国_浙江_绍兴|绍兴
zh_CN|中国_浙江_台州|台州
zh_CN|中国_浙江_温州|温州
zh_CN|中国_浙江_舟山|舟山
zh_CN|中国澳门|中国澳门
zh_CN|中国澳门_大堂区|大堂区
zh_CN|中国澳门_氹仔|氹仔
zh_CN|中国澳门_风顺堂区|风顺堂区
zh_CN|中国澳门_花地玛堂区|花地玛堂区
zh_CN|中国澳门_路环岛|路环岛
zh_CN|中国澳门_圣安多尼堂区|圣安多尼堂区
zh_CN|中国澳门_望德堂区|望德堂区
zh_CN|中国台湾|中国台湾
zh_CN|中国台湾_高雄市|高雄市
zh_CN|中国台湾_花莲县|花莲县
zh_CN|中国台湾_基隆市|基隆市
zh_CN|中国台湾_金门县|金门县
zh_CN|中国台湾_嘉义市|嘉义市
zh_CN|中国台湾_嘉义县|嘉义县
zh_CN|中国台湾_连江县|连江县
zh_CN|中国台湾_苗栗县|苗栗县
zh_CN|中国台湾_南投县|南投县
zh_CN|中国台湾_屏东县|屏东县
zh_CN|中国台湾_澎湖县|澎湖县
zh_CN|中国台湾_台北市|台北市
zh_CN|中国台湾_台东县|台东县
zh_CN|中国台湾_台南市|台南市
zh_CN|中国台湾_桃园县|桃园县
zh_CN|中国台湾_台中市|台中市
zh_CN|中国台湾_新北市|新北市
zh_CN|中国台湾_新竹市|新竹市
zh_CN|中国台湾_新竹县|新竹县
zh_CN|中国台湾_云林县|云林县
zh_CN|中国台湾_宜兰县|宜兰县
zh_CN|中国台湾_彰化县|彰化县
zh_CN|中国香港|中国香港
zh_CN|中国香港_北区|北区
zh_CN|中国香港_大埔区|大埔区
zh_CN|中国香港_东区|东区
zh_CN|中国香港_观塘区|观塘区
zh_CN|中国香港_黄大仙区|黄大仙区
zh_CN|中国香港_九龙城区|九龙城区
zh_CN|中国香港_葵青区|葵青区
zh_CN|中国香港_离岛区|离岛区
zh_CN|中国香港_南区|南区
zh_CN|中国香港_荃湾区|荃湾区
zh_CN|中国香港_深水埗区|深水埗区
zh_CN|中国香港_沙田区|沙田区
zh_CN|中国香港_屯门区|屯门区
zh_CN|中国香港_湾仔区|湾仔区
zh_CN|中国香港_西贡区|西贡区
zh_CN|中国香港_油尖旺区|油尖旺区
zh_CN|中国香港_元朗区|元朗区
zh_CN|中国香港_中西区|中西区
zh_CN|智利|智利
zh_CN|泽西岛|泽西岛